threshold,threshold_metric,accuracy,fnmr,fmr,eer_gap,eer_estimate,known_total,unknown_total,false_accepts,false_rejects
-36.135643470308494,gmm_score,0.484149855907781,0.2,0.52046783625731,0.32046783625730996,0.360233918128655,10,684,356,2
-36.1356424703085,gmm_score,0.48559077809798273,0.2,0.5190058479532164,0.31900584795321635,0.3595029239766082,10,684,355,2
-35.47115123093953,gmm_score,0.48703170028818443,0.2,0.5175438596491229,0.31754385964912285,0.3587719298245614,10,684,354,2
-35.24251893964819,gmm_score,0.4884726224783862,0.2,0.5160818713450293,0.31608187134502924,0.3580409356725146,10,684,353,2
-34.95169501159195,gmm_score,0.4899135446685879,0.2,0.5146198830409356,0.31461988304093563,0.3573099415204678,10,684,352,2
-34.92263942288492,gmm_score,0.49135446685878964,0.2,0.5131578947368421,0.31315789473684214,0.3565789473684211,10,684,351,2
-34.74521976387615,gmm_score,0.49279538904899134,0.2,0.5116959064327485,0.3116959064327485,0.3558479532163743,10,684,350,2
-34.631495664121715,gmm_score,0.4942363112391931,0.2,0.5102339181286549,0.3102339181286549,0.3551169590643275,10,684,349,2
-34.51006856479802,gmm_score,0.4956772334293948,0.2,0.5087719298245614,0.3087719298245614,0.3543859649122807,10,684,348,2
-34.50594557883813,gmm_score,0.49711815561959655,0.2,0.5073099415204678,0.3073099415204678,0.3536549707602339,10,684,347,2
-34.3755294784574,gmm_score,0.49855907780979825,0.2,0.5058479532163743,0.3058479532163743,0.3529239766081872,10,684,346,2
-34.267673817741915,gmm_score,0.5,0.2,0.5043859649122807,0.3043859649122807,0.3521929824561404,10,684,345,2
-34.22708516205861,gmm_score,0.5014409221902018,0.2,0.5029239766081871,0.3029239766081871,0.3514619883040936,10,684,344,2
-33.995534108416635,gmm_score,0.5028818443804035,0.2,0.5014619883040936,0.3014619883040936,0.3507309941520468,10,684,343,2
-33.98801687384606,gmm_score,0.5043227665706052,0.2,0.5,0.3,0.35,10,684,342,2
-33.77983315223942,gmm_score,0.5057636887608069,0.2,0.49853801169590645,0.29853801169590644,0.34926900584795323,10,684,341,2
-33.683127096325975,gmm_score,0.5072046109510087,0.2,0.49707602339181284,0.2970760233918128,0.3485380116959064,10,684,340,2
-33.65578614582225,gmm_score,0.5072046109510087,0.2,0.49707602339181284,0.2970760233918128,0.3485380116959064,10,684,340,2
-33.6410819482278,gmm_score,0.5086455331412104,0.2,0.4956140350877193,0.2956140350877193,0.3478070175438597,10,684,339,2
-33.63825371712462,gmm_score,0.5086455331412104,0.2,0.4956140350877193,0.2956140350877193,0.3478070175438597,10,684,339,2
-33.634793459715844,gmm_score,0.5100864553314121,0.2,0.49415204678362573,0.2941520467836257,0.34707602339181287,10,684,338,2
-33.58520519753332,gmm_score,0.5115273775216138,0.2,0.4926900584795322,0.29269005847953217,0.34634502923976607,10,684,337,2
-33.58021675592904,gmm_score,0.5129682997118156,0.2,0.49122807017543857,0.29122807017543856,0.34561403508771926,10,684,336,2
-33.4989919075612,gmm_score,0.5129682997118156,0.2,0.49122807017543857,0.29122807017543856,0.34561403508771926,10,684,336,2
-33.2875043601069,gmm_score,0.5144092219020173,0.2,0.489766081871345,0.289766081871345,0.3448830409356725,10,684,335,2
-33.278373936976536,gmm_score,0.5144092219020173,0.2,0.489766081871345,0.289766081871345,0.3448830409356725,10,684,335,2
-33.23318277082147,gmm_score,0.515850144092219,0.2,0.48830409356725146,0.28830409356725145,0.34415204678362576,10,684,334,2
-33.10675779737238,gmm_score,0.5172910662824207,0.2,0.4868421052631579,0.2868421052631579,0.34342105263157896,10,684,333,2
-33.05059744481618,gmm_score,0.5187319884726225,0.2,0.4853801169590643,0.2853801169590643,0.34269005847953216,10,684,332,2
-33.00593513933223,gmm_score,0.5187319884726225,0.2,0.4853801169590643,0.2853801169590643,0.34269005847953216,10,684,332,2
-32.98106868211684,gmm_score,0.5201729106628242,0.2,0.48391812865497075,0.28391812865497074,0.34195906432748535,10,684,331,2
-32.92941661790268,gmm_score,0.521613832853026,0.2,0.4824561403508772,0.2824561403508772,0.3412280701754386,10,684,330,2
-32.910210270620226,gmm_score,0.5230547550432276,0.2,0.48099415204678364,0.28099415204678363,0.34049707602339185,10,684,329,2
-32.906230901930826,gmm_score,0.5244956772334294,0.2,0.47953216374269003,0.27953216374269,0.33976608187134505,10,684,328,2
-32.87730426105468,gmm_score,0.5259365994236311,0.2,0.4780701754385965,0.27807017543859647,0.33903508771929824,10,684,327,2
-32.77250985882752,gmm_score,0.5273775216138329,0.2,0.4766081871345029,0.2766081871345029,0.33830409356725144,10,684,326,2
-32.694726716549106,gmm_score,0.5288184438040345,0.2,0.47514619883040937,0.27514619883040936,0.3375730994152047,10,684,325,2
-32.66757452317658,gmm_score,0.5288184438040345,0.2,0.47514619883040937,0.27514619883040936,0.3375730994152047,10,684,325,2
-32.59965717154973,gmm_score,0.5302593659942363,0.2,0.47368421052631576,0.27368421052631575,0.3368421052631579,10,684,324,2
-32.57551652600558,gmm_score,0.5302593659942363,0.2,0.47368421052631576,0.27368421052631575,0.3368421052631579,10,684,324,2
-32.54415805435366,gmm_score,0.531700288184438,0.2,0.4722222222222222,0.2722222222222222,0.33611111111111114,10,684,323,2
-32.52088327491713,gmm_score,0.5331412103746398,0.2,0.47076023391812866,0.27076023391812865,0.33538011695906433,10,684,322,2
-32.51863489371424,gmm_score,0.5345821325648416,0.2,0.4692982456140351,0.2692982456140351,0.33464912280701753,10,684,321,2
-32.435931612088,gmm_score,0.5360230547550432,0.2,0.4678362573099415,0.2678362573099415,0.3339181286549707,10,684,320,2
-32.4005596240013,gmm_score,0.537463976945245,0.2,0.46637426900584794,0.26637426900584793,0.333187134502924,10,684,319,2
-32.36052369628875,gmm_score,0.5389048991354467,0.2,0.4649122807017544,0.2649122807017544,0.3324561403508772,10,684,318,2
-32.323748953684415,gmm_score,0.5403458213256485,0.2,0.46345029239766083,0.2634502923976608,0.3317251461988304,10,684,317,2
-32.299606237474684,gmm_score,0.5417867435158501,0.2,0.4619883040935672,0.2619883040935672,0.3309941520467836,10,684,316,2
-32.25100993937953,gmm_score,0.5432276657060519,0.2,0.4605263157894737,0.26052631578947366,0.3302631578947368,10,684,315,2
-32.23497855362812,gmm_score,0.5446685878962536,0.2,0.4590643274853801,0.2590643274853801,0.32953216374269007,10,684,314,2
-32.174457761269466,gmm_score,0.5461095100864554,0.2,0.45760233918128657,0.25760233918128655,0.3288011695906433,10,684,313,2
-32.16797248281494,gmm_score,0.547550432276657,0.2,0.45614035087719296,0.25614035087719295,0.3280701754385965,10,684,312,2
-32.150456243890574,gmm_score,0.5489913544668588,0.2,0.4546783625730994,0.2546783625730994,0.3273391812865497,10,684,311,2
-32.11976096650505,gmm_score,0.5504322766570605,0.2,0.45321637426900585,0.25321637426900584,0.3266081871345029,10,684,310,2
-32.11283003409653,gmm_score,0.5518731988472623,0.2,0.4517543859649123,0.2517543859649123,0.32587719298245615,10,684,309,2
-32.098047273250856,gmm_score,0.5518731988472623,0.2,0.4517543859649123,0.2517543859649123,0.32587719298245615,10,684,309,2
-32.06345798504373,gmm_score,0.553314121037464,0.2,0.4502923976608187,0.2502923976608187,0.32514619883040935,10,684,308,2
-32.05656957593894,gmm_score,0.5547550432276657,0.2,0.44883040935672514,0.24883040935672512,0.3244152046783626,10,684,307,2
-32.03857868112711,gmm_score,0.5561959654178674,0.2,0.4473684210526316,0.24736842105263157,0.3236842105263158,10,684,306,2
-32.029560013817566,gmm_score,0.5576368876080692,0.2,0.44590643274853803,0.24590643274853802,0.322953216374269,10,684,305,2
-32.01010691558933,gmm_score,0.5590778097982709,0.2,0.4444444444444444,0.2444444444444444,0.3222222222222222,10,684,304,2
-31.935336261025903,gmm_score,0.5605187319884726,0.2,0.44298245614035087,0.24298245614035086,0.32149122807017544,10,684,303,2
-31.93165261003654,gmm_score,0.5605187319884726,0.2,0.44298245614035087,0.24298245614035086,0.32149122807017544,10,684,303,2
-31.902046640574845,gmm_score,0.5619596541786743,0.2,0.4415204678362573,0.2415204678362573,0.3207602339181287,10,684,302,2
-31.826956861489002,gmm_score,0.5634005763688761,0.2,0.44005847953216376,0.24005847953216375,0.3200292397660819,10,684,301,2
-31.781312626491985,gmm_score,0.5648414985590778,0.2,0.43859649122807015,0.23859649122807014,0.3192982456140351,10,684,300,2
-31.773075072059,gmm_score,0.5662824207492796,0.2,0.4371345029239766,0.2371345029239766,0.3185672514619883,10,684,299,2
-31.767567636181642,gmm_score,0.5662824207492796,0.2,0.4371345029239766,0.2371345029239766,0.3185672514619883,10,684,299,2
-31.71565988947845,gmm_score,0.5677233429394812,0.2,0.43567251461988304,0.23567251461988303,0.31783625730994153,10,684,298,2
-31.70613119441376,gmm_score,0.5677233429394812,0.2,0.43567251461988304,0.23567251461988303,0.31783625730994153,10,684,298,2
-31.645281321606742,gmm_score,0.569164265129683,0.2,0.4342105263157895,0.23421052631578948,0.3171052631578948,10,684,297,2
-31.619762797721176,gmm_score,0.569164265129683,0.2,0.4342105263157895,0.23421052631578948,0.3171052631578948,10,684,297,2
-31.58786056472758,gmm_score,0.5706051873198847,0.2,0.4327485380116959,0.23274853801169587,0.316374269005848,10,684,296,2
-31.442245663313546,gmm_score,0.5720461095100865,0.2,0.43128654970760233,0.23128654970760232,0.31564327485380117,10,684,295,2
-31.33074876615152,gmm_score,0.5734870317002881,0.2,0.4298245614035088,0.22982456140350876,0.31491228070175437,10,684,294,2
-31.258660698170868,gmm_score,0.5749279538904899,0.2,0.4283625730994152,0.2283625730994152,0.3141812865497076,10,684,293,2
-31.152522867252408,gmm_score,0.5763688760806917,0.2,0.4269005847953216,0.2269005847953216,0.3134502923976608,10,684,292,2
-31.12627530893955,gmm_score,0.5778097982708934,0.2,0.42543859649122806,0.22543859649122805,0.31271929824561406,10,684,291,2
-30.99124487179668,gmm_score,0.579250720461095,0.2,0.4239766081871345,0.2239766081871345,0.31198830409356726,10,684,290,2
-30.974712588679736,gmm_score,0.5806916426512968,0.2,0.42251461988304095,0.22251461988304094,0.31125730994152045,10,684,289,2
-30.942520080172198,gmm_score,0.5821325648414986,0.2,0.42105263157894735,0.22105263157894733,0.31052631578947365,10,684,288,2
-30.935913129046643,gmm_score,0.5835734870317003,0.2,0.4195906432748538,0.21959064327485378,0.3097953216374269,10,684,287,2
-30.91194468274592,gmm_score,0.5835734870317003,0.2,0.4195906432748538,0.21959064327485378,0.3097953216374269,10,684,287,2
-30.868147722467683,gmm_score,0.5850144092219021,0.2,0.41812865497076024,0.21812865497076023,0.30906432748538015,10,684,286,2
-30.813089526053002,gmm_score,0.5850144092219021,0.2,0.41812865497076024,0.21812865497076023,0.30906432748538015,10,684,286,2
-30.7421345029326,gmm_score,0.5864553314121037,0.2,0.4166666666666667,0.21666666666666667,0.30833333333333335,10,684,285,2
-30.73931789529307,gmm_score,0.5878962536023055,0.2,0.4152046783625731,0.21520467836257307,0.30760233918128654,10,684,284,2
-30.71905952832912,gmm_score,0.5893371757925072,0.2,0.4137426900584795,0.2137426900584795,0.30687134502923974,10,684,283,2
-30.67546319570552,gmm_score,0.590778097982709,0.2,0.41228070175438597,0.21228070175438596,0.306140350877193,10,684,282,2
-30.668588089849916,gmm_score,0.5922190201729106,0.2,0.4108187134502924,0.2108187134502924,0.30540935672514624,10,684,281,2
-30.651849757809575,gmm_score,0.5922190201729106,0.2,0.4108187134502924,0.2108187134502924,0.30540935672514624,10,684,281,2
-30.5319382444607,gmm_score,0.5922190201729106,0.2,0.4108187134502924,0.2108187134502924,0.30540935672514624,10,684,281,2
-30.48068236988949,gmm_score,0.5936599423631124,0.2,0.4093567251461988,0.2093567251461988,0.30467836257309944,10,684,280,2
-30.480196099102724,gmm_score,0.5936599423631124,0.2,0.4093567251461988,0.2093567251461988,0.30467836257309944,10,684,280,2
-30.47931730789689,gmm_score,0.5951008645533141,0.2,0.40789473684210525,0.20789473684210524,0.30394736842105263,10,684,279,2
-30.47514021251953,gmm_score,0.5951008645533141,0.2,0.40789473684210525,0.20789473684210524,0.30394736842105263,10,684,279,2
-30.45904288442134,gmm_score,0.5965417867435159,0.2,0.4064327485380117,0.2064327485380117,0.30321637426900583,10,684,278,2
-30.457351421624626,gmm_score,0.5965417867435159,0.2,0.4064327485380117,0.2064327485380117,0.30321637426900583,10,684,278,2
-30.45221424253335,gmm_score,0.5965417867435159,0.2,0.4064327485380117,0.2064327485380117,0.30321637426900583,10,684,278,2
-30.428852942949533,gmm_score,0.5965417867435159,0.2,0.4064327485380117,0.2064327485380117,0.30321637426900583,10,684,278,2
-30.335561362214847,gmm_score,0.5979827089337176,0.2,0.40497076023391815,0.20497076023391814,0.3024853801169591,10,684,277,2
-30.301954711747666,gmm_score,0.5979827089337176,0.2,0.40497076023391815,0.20497076023391814,0.3024853801169591,10,684,277,2
-30.299147898076544,gmm_score,0.5979827089337176,0.2,0.40497076023391815,0.20497076023391814,0.3024853801169591,10,684,277,2
-30.298063048543998,gmm_score,0.5994236311239193,0.2,0.40350877192982454,0.20350877192982453,0.3017543859649123,10,684,276,2
-30.286976222419955,gmm_score,0.600864553314121,0.2,0.402046783625731,0.20204678362573097,0.3010233918128655,10,684,275,2
-30.252666389793628,gmm_score,0.600864553314121,0.2,0.402046783625731,0.20204678362573097,0.3010233918128655,10,684,275,2
-30.244375766331416,gmm_score,0.6023054755043228,0.2,0.40058479532163743,0.20058479532163742,0.3002923976608187,10,684,274,2
-30.21773143104792,gmm_score,0.6023054755043228,0.2,0.40058479532163743,0.20058479532163742,0.3002923976608187,10,684,274,2
-30.212335821105945,gmm_score,0.6023054755043228,0.2,0.40058479532163743,0.20058479532163742,0.3002923976608187,10,684,274,2
-30.20229570074602,gmm_score,0.6037463976945245,0.2,0.3991228070175439,0.19912280701754387,0.2995614035087719,10,684,273,2
-30.190374114737015,gmm_score,0.6051873198847262,0.2,0.39766081871345027,0.19766081871345026,0.2988304093567251,10,684,272,2
-30.18878022788419,gmm_score,0.6066282420749279,0.2,0.3961988304093567,0.1961988304093567,0.29809941520467836,10,684,271,2
-30.172024770744184,gmm_score,0.6080691642651297,0.2,0.39473684210526316,0.19473684210526315,0.2973684210526316,10,684,270,2
-30.167785330295814,gmm_score,0.6095100864553314,0.2,0.3932748538011696,0.1932748538011696,0.2966374269005848,10,684,269,2
-30.16631649868649,gmm_score,0.6095100864553314,0.2,0.3932748538011696,0.1932748538011696,0.2966374269005848,10,684,269,2
-30.117423969875492,gmm_score,0.6095100864553314,0.2,0.3932748538011696,0.1932748538011696,0.2966374269005848,10,684,269,2
-30.09544707154621,gmm_score,0.6095100864553314,0.2,0.3932748538011696,0.1932748538011696,0.2966374269005848,10,684,269,2
-30.091636942009327,gmm_score,0.6109510086455331,0.2,0.391812865497076,0.191812865497076,0.295906432748538,10,684,268,2
-30.085505294741296,gmm_score,0.6123919308357348,0.2,0.39035087719298245,0.19035087719298244,0.2951754385964912,10,684,267,2
-30.084578566914246,gmm_score,0.6123919308357348,0.2,0.39035087719298245,0.19035087719298244,0.2951754385964912,10,684,267,2
-30.023457822745126,gmm_score,0.6138328530259366,0.2,0.3888888888888889,0.18888888888888888,0.29444444444444445,10,684,266,2
-30.01981316489903,gmm_score,0.6152737752161384,0.2,0.38742690058479534,0.18742690058479533,0.2937134502923977,10,684,265,2
-30.002630305471897,gmm_score,0.6152737752161384,0.2,0.38742690058479534,0.18742690058479533,0.2937134502923977,10,684,265,2
-29.988976667507394,gmm_score,0.6152737752161384,0.2,0.38742690058479534,0.18742690058479533,0.2937134502923977,10,684,265,2
-29.98112282379116,gmm_score,0.6152737752161384,0.2,0.38742690058479534,0.18742690058479533,0.2937134502923977,10,684,265,2
-29.977445318987698,gmm_score,0.6167146974063401,0.2,0.38596491228070173,0.18596491228070172,0.2929824561403509,10,684,264,2
-29.97502140569198,gmm_score,0.6181556195965417,0.2,0.3845029239766082,0.18450292397660817,0.2922514619883041,10,684,263,2
-29.966592757869403,gmm_score,0.6181556195965417,0.2,0.3845029239766082,0.18450292397660817,0.2922514619883041,10,684,263,2
-29.965542683534178,gmm_score,0.6181556195965417,0.2,0.3845029239766082,0.18450292397660817,0.2922514619883041,10,684,263,2
-29.96204718071809,gmm_score,0.6181556195965417,0.2,0.3845029239766082,0.18450292397660817,0.2922514619883041,10,684,263,2
-29.951100329548574,gmm_score,0.6195965417867435,0.2,0.3830409356725146,0.18304093567251462,0.2915204678362573,10,684,262,2
-29.93745299809221,gmm_score,0.6195965417867435,0.2,0.3830409356725146,0.18304093567251462,0.2915204678362573,10,684,262,2
-29.93168354909679,gmm_score,0.6195965417867435,0.2,0.3830409356725146,0.18304093567251462,0.2915204678362573,10,684,262,2
-29.927194786580724,gmm_score,0.6210374639769453,0.2,0.3815789473684211,0.18157894736842106,0.29078947368421054,10,684,261,2
-29.921152590911625,gmm_score,0.622478386167147,0.2,0.38011695906432746,0.18011695906432745,0.29005847953216374,10,684,260,2
-29.921126804869598,gmm_score,0.622478386167147,0.2,0.38011695906432746,0.18011695906432745,0.29005847953216374,10,684,260,2
-29.914155721981498,gmm_score,0.6239193083573487,0.2,0.3786549707602339,0.1786549707602339,0.289327485380117,10,684,259,2
-29.904545369693256,gmm_score,0.6239193083573487,0.2,0.3786549707602339,0.1786549707602339,0.289327485380117,10,684,259,2
-29.87675946205357,gmm_score,0.6239193083573487,0.2,0.3786549707602339,0.1786549707602339,0.289327485380117,10,684,259,2
-29.855857416169034,gmm_score,0.6239193083573487,0.2,0.3786549707602339,0.1786549707602339,0.289327485380117,10,684,259,2
-29.854821889609983,gmm_score,0.6253602305475504,0.2,0.37719298245614036,0.17719298245614035,0.2885964912280702,10,684,258,2
-29.854552593349947,gmm_score,0.6253602305475504,0.2,0.37719298245614036,0.17719298245614035,0.2885964912280702,10,684,258,2
-29.853324424603983,gmm_score,0.6253602305475504,0.2,0.37719298245614036,0.17719298245614035,0.2885964912280702,10,684,258,2
-29.84842645087563,gmm_score,0.6253602305475504,0.2,0.37719298245614036,0.17719298245614035,0.2885964912280702,10,684,258,2
-29.841751188049766,gmm_score,0.6253602305475504,0.2,0.37719298245614036,0.17719298245614035,0.2885964912280702,10,684,258,2
-29.832101479422647,gmm_score,0.6268011527377522,0.2,0.3757309941520468,0.1757309941520468,0.2878654970760234,10,684,257,2
-29.803156965957136,gmm_score,0.6268011527377522,0.2,0.3757309941520468,0.1757309941520468,0.2878654970760234,10,684,257,2
-29.803148568973885,gmm_score,0.6282420749279539,0.2,0.3742690058479532,0.17426900584795318,0.2871345029239766,10,684,256,2
-29.79747854461098,gmm_score,0.6296829971181557,0.2,0.37280701754385964,0.17280701754385963,0.2864035087719298,10,684,255,2
-29.792459882583316,gmm_score,0.6311239193083573,0.2,0.3713450292397661,0.17134502923976608,0.2856725146198831,10,684,254,2
-29.765260465947755,gmm_score,0.6311239193083573,0.2,0.3713450292397661,0.17134502923976608,0.2856725146198831,10,684,254,2
-29.742275896826406,gmm_score,0.6325648414985591,0.2,0.36988304093567254,0.16988304093567252,0.2849415204678363,10,684,253,2
-29.73672045411126,gmm_score,0.6340057636887608,0.2,0.3684210526315789,0.16842105263157892,0.28421052631578947,10,684,252,2
-29.731760124180727,gmm_score,0.6340057636887608,0.2,0.3684210526315789,0.16842105263157892,0.28421052631578947,10,684,252,2
-29.72277729538947,gmm_score,0.6354466858789626,0.2,0.3669590643274854,0.16695906432748536,0.28347953216374266,10,684,251,2
-29.715143118687052,gmm_score,0.6354466858789626,0.2,0.3669590643274854,0.16695906432748536,0.28347953216374266,10,684,251,2
-29.704972127943954,gmm_score,0.6368876080691642,0.2,0.3654970760233918,0.1654970760233918,0.2827485380116959,10,684,250,2
-29.701107349581005,gmm_score,0.6368876080691642,0.2,0.3654970760233918,0.1654970760233918,0.2827485380116959,10,684,250,2
-29.700986114412146,gmm_score,0.638328530259366,0.2,0.36403508771929827,0.16403508771929826,0.28201754385964917,10,684,249,2
-29.6999805187962,gmm_score,0.6397694524495677,0.2,0.36257309941520466,0.16257309941520465,0.28128654970760236,10,684,248,2
-29.698006221627566,gmm_score,0.6412103746397695,0.2,0.3611111111111111,0.1611111111111111,0.28055555555555556,10,684,247,2
-29.697661789075617,gmm_score,0.6412103746397695,0.2,0.3611111111111111,0.1611111111111111,0.28055555555555556,10,684,247,2
-29.69443250626881,gmm_score,0.6412103746397695,0.2,0.3611111111111111,0.1611111111111111,0.28055555555555556,10,684,247,2
-29.684673786418703,gmm_score,0.6412103746397695,0.2,0.3611111111111111,0.1611111111111111,0.28055555555555556,10,684,247,2
-29.665729679529043,gmm_score,0.6426512968299711,0.2,0.35964912280701755,0.15964912280701754,0.27982456140350875,10,684,246,2
-29.65802905374878,gmm_score,0.6426512968299711,0.2,0.35964912280701755,0.15964912280701754,0.27982456140350875,10,684,246,2
-29.65190376999091,gmm_score,0.6440922190201729,0.2,0.358187134502924,0.158187134502924,0.279093567251462,10,684,245,2
-29.633288874416873,gmm_score,0.6455331412103746,0.2,0.3567251461988304,0.15672514619883038,0.2783625730994152,10,684,244,2
-29.626419908364692,gmm_score,0.6455331412103746,0.2,0.3567251461988304,0.15672514619883038,0.2783625730994152,10,684,244,2
-29.622365443433743,gmm_score,0.6469740634005764,0.2,0.35526315789473684,0.15526315789473683,0.27763157894736845,10,684,243,2
-29.62187784270225,gmm_score,0.6469740634005764,0.2,0.35526315789473684,0.15526315789473683,0.27763157894736845,10,684,243,2
-29.621337372462925,gmm_score,0.6484149855907781,0.2,0.3538011695906433,0.15380116959064327,0.27690058479532165,10,684,242,2
-29.610839218979127,gmm_score,0.6484149855907781,0.2,0.3538011695906433,0.15380116959064327,0.27690058479532165,10,684,242,2
-29.610609740578226,gmm_score,0.6498559077809798,0.2,0.35233918128654973,0.15233918128654972,0.27616959064327484,10,684,241,2
-29.606101221982602,gmm_score,0.6512968299711815,0.2,0.3508771929824561,0.1508771929824561,0.27543859649122804,10,684,240,2
-29.59514538386841,gmm_score,0.6512968299711815,0.2,0.3508771929824561,0.1508771929824561,0.27543859649122804,10,684,240,2
-29.590238732436582,gmm_score,0.6512968299711815,0.2,0.3508771929824561,0.1508771929824561,0.27543859649122804,10,684,240,2
-29.568609456572215,gmm_score,0.6512968299711815,0.2,0.3508771929824561,0.1508771929824561,0.27543859649122804,10,684,240,2
-29.56603011901707,gmm_score,0.6527377521613833,0.2,0.34941520467836257,0.14941520467836256,0.2747076023391813,10,684,239,2
-29.558297781758863,gmm_score,0.6527377521613833,0.2,0.34941520467836257,0.14941520467836256,0.2747076023391813,10,684,239,2
-29.557648484333136,gmm_score,0.6527377521613833,0.2,0.34941520467836257,0.14941520467836256,0.2747076023391813,10,684,239,2
-29.55675903675465,gmm_score,0.6527377521613833,0.2,0.34941520467836257,0.14941520467836256,0.2747076023391813,10,684,239,2
-29.55386438759025,gmm_score,0.6527377521613833,0.2,0.34941520467836257,0.14941520467836256,0.2747076023391813,10,684,239,2
-29.552853445196558,gmm_score,0.6527377521613833,0.2,0.34941520467836257,0.14941520467836256,0.2747076023391813,10,684,239,2
-29.536806247140298,gmm_score,0.654178674351585,0.2,0.347953216374269,0.147953216374269,0.27397660818713454,10,684,238,2
-29.529107552708005,gmm_score,0.654178674351585,0.2,0.347953216374269,0.147953216374269,0.27397660818713454,10,684,238,2
-29.523385026676205,gmm_score,0.654178674351585,0.2,0.347953216374269,0.147953216374269,0.27397660818713454,10,684,238,2
-29.523146921554,gmm_score,0.654178674351585,0.2,0.347953216374269,0.147953216374269,0.27397660818713454,10,684,238,2
-29.517055642015134,gmm_score,0.654178674351585,0.2,0.347953216374269,0.147953216374269,0.27397660818713454,10,684,238,2
-29.51201247324457,gmm_score,0.654178674351585,0.2,0.347953216374269,0.147953216374269,0.27397660818713454,10,684,238,2
-29.508339684717075,gmm_score,0.654178674351585,0.2,0.347953216374269,0.147953216374269,0.27397660818713454,10,684,238,2
-29.497486932535143,gmm_score,0.654178674351585,0.2,0.347953216374269,0.147953216374269,0.27397660818713454,10,684,238,2
-29.496541358809203,gmm_score,0.654178674351585,0.2,0.347953216374269,0.147953216374269,0.27397660818713454,10,684,238,2
-29.48547184321626,gmm_score,0.654178674351585,0.2,0.347953216374269,0.147953216374269,0.27397660818713454,10,684,238,2
-29.474301111406124,gmm_score,0.6556195965417867,0.2,0.34649122807017546,0.14649122807017545,0.27324561403508774,10,684,237,2
-29.44717114785364,gmm_score,0.6570605187319885,0.2,0.34502923976608185,0.14502923976608184,0.27251461988304093,10,684,236,2
-29.444953923266414,gmm_score,0.6570605187319885,0.2,0.34502923976608185,0.14502923976608184,0.27251461988304093,10,684,236,2
-29.442560596211802,gmm_score,0.6570605187319885,0.2,0.34502923976608185,0.14502923976608184,0.27251461988304093,10,684,236,2
-29.432217294657573,gmm_score,0.6570605187319885,0.2,0.34502923976608185,0.14502923976608184,0.27251461988304093,10,684,236,2
-29.424300288317117,gmm_score,0.6570605187319885,0.2,0.34502923976608185,0.14502923976608184,0.27251461988304093,10,684,236,2
-29.42280573657902,gmm_score,0.6585014409221902,0.2,0.3435672514619883,0.1435672514619883,0.2717836257309941,10,684,235,2
-29.420932429461605,gmm_score,0.6585014409221902,0.2,0.3435672514619883,0.1435672514619883,0.2717836257309941,10,684,235,2
-29.419045698795102,gmm_score,0.659942363112392,0.2,0.34210526315789475,0.14210526315789473,0.2710526315789474,10,684,234,2
-29.417551612244566,gmm_score,0.6613832853025937,0.2,0.3406432748538012,0.14064327485380118,0.27032163742690063,10,684,233,2
-29.408643883984663,gmm_score,0.6613832853025937,0.2,0.3406432748538012,0.14064327485380118,0.27032163742690063,10,684,233,2
-29.40414062264596,gmm_score,0.6613832853025937,0.2,0.3406432748538012,0.14064327485380118,0.27032163742690063,10,684,233,2
-29.396654291228668,gmm_score,0.6613832853025937,0.2,0.3406432748538012,0.14064327485380118,0.27032163742690063,10,684,233,2
-29.38546784217056,gmm_score,0.6628242074927954,0.2,0.3391812865497076,0.13918128654970757,0.2695906432748538,10,684,232,2
-29.381198836164053,gmm_score,0.6642651296829971,0.2,0.33771929824561403,0.13771929824561402,0.268859649122807,10,684,231,2
-29.368704510718114,gmm_score,0.6642651296829971,0.2,0.33771929824561403,0.13771929824561402,0.268859649122807,10,684,231,2
-29.36761802487957,gmm_score,0.6657060518731989,0.2,0.3362573099415205,0.13625730994152047,0.2681286549707602,10,684,230,2
-29.360292738408585,gmm_score,0.6657060518731989,0.2,0.3362573099415205,0.13625730994152047,0.2681286549707602,10,684,230,2
-29.355427348700044,gmm_score,0.6657060518731989,0.2,0.3362573099415205,0.13625730994152047,0.2681286549707602,10,684,230,2
-29.350750516920883,gmm_score,0.6657060518731989,0.2,0.3362573099415205,0.13625730994152047,0.2681286549707602,10,684,230,2
-29.336711951579353,gmm_score,0.6657060518731989,0.2,0.3362573099415205,0.13625730994152047,0.2681286549707602,10,684,230,2
-29.327272923435977,gmm_score,0.6657060518731989,0.2,0.3362573099415205,0.13625730994152047,0.2681286549707602,10,684,230,2
-29.321374524494303,gmm_score,0.6657060518731989,0.2,0.3362573099415205,0.13625730994152047,0.2681286549707602,10,684,230,2
-29.315026550267266,gmm_score,0.6671469740634006,0.2,0.3347953216374269,0.1347953216374269,0.26739766081871347,10,684,229,2
-29.31440790496471,gmm_score,0.6671469740634006,0.2,0.3347953216374269,0.1347953216374269,0.26739766081871347,10,684,229,2
-29.309842689444544,gmm_score,0.6671469740634006,0.2,0.3347953216374269,0.1347953216374269,0.26739766081871347,10,684,229,2
-29.30790693154816,gmm_score,0.6671469740634006,0.2,0.3347953216374269,0.1347953216374269,0.26739766081871347,10,684,229,2
-29.30730898229282,gmm_score,0.6671469740634006,0.2,0.3347953216374269,0.1347953216374269,0.26739766081871347,10,684,229,2
-29.306107361478396,gmm_score,0.6685878962536023,0.2,0.3333333333333333,0.1333333333333333,0.26666666666666666,10,684,228,2
-29.297161636151312,gmm_score,0.6685878962536023,0.2,0.3333333333333333,0.1333333333333333,0.26666666666666666,10,684,228,2
-29.296264098468875,gmm_score,0.6685878962536023,0.2,0.3333333333333333,0.1333333333333333,0.26666666666666666,10,684,228,2
-29.294596299854067,gmm_score,0.6685878962536023,0.2,0.3333333333333333,0.1333333333333333,0.26666666666666666,10,684,228,2
-29.293313204402743,gmm_score,0.6685878962536023,0.2,0.3333333333333333,0.1333333333333333,0.26666666666666666,10,684,228,2
-29.273946718771324,gmm_score,0.670028818443804,0.2,0.33187134502923976,0.13187134502923975,0.2659356725146199,10,684,227,2
-29.271305252469507,gmm_score,0.670028818443804,0.2,0.33187134502923976,0.13187134502923975,0.2659356725146199,10,684,227,2
-29.266008324741104,gmm_score,0.670028818443804,0.2,0.33187134502923976,0.13187134502923975,0.2659356725146199,10,684,227,2
-29.262509394268506,gmm_score,0.6714697406340058,0.2,0.3304093567251462,0.1304093567251462,0.2652046783625731,10,684,226,2
-29.254900448689686,gmm_score,0.6729106628242075,0.2,0.32894736842105265,0.12894736842105264,0.2644736842105263,10,684,225,2
-29.242656243637516,gmm_score,0.6743515850144092,0.2,0.32748538011695905,0.12748538011695904,0.2637426900584795,10,684,224,2
-29.23352669368542,gmm_score,0.6743515850144092,0.2,0.32748538011695905,0.12748538011695904,0.2637426900584795,10,684,224,2
-29.216555657869446,gmm_score,0.6743515850144092,0.2,0.32748538011695905,0.12748538011695904,0.2637426900584795,10,684,224,2
-29.214867560935105,gmm_score,0.6757925072046109,0.2,0.3260233918128655,0.12602339181286548,0.26301169590643275,10,684,223,2
-29.201983513544814,gmm_score,0.6772334293948127,0.2,0.32456140350877194,0.12456140350877193,0.262280701754386,10,684,222,2
-29.198260419348028,gmm_score,0.6772334293948127,0.2,0.32456140350877194,0.12456140350877193,0.262280701754386,10,684,222,2
-29.19314534688222,gmm_score,0.6772334293948127,0.2,0.32456140350877194,0.12456140350877193,0.262280701754386,10,684,222,2
-29.18839093680714,gmm_score,0.6786743515850144,0.2,0.3230994152046784,0.12309941520467838,0.2615497076023392,10,684,221,2
-29.18614062761131,gmm_score,0.6801152737752162,0.2,0.3216374269005848,0.12163742690058477,0.2608187134502924,10,684,220,2
-29.18555562696221,gmm_score,0.6801152737752162,0.2,0.3216374269005848,0.12163742690058477,0.2608187134502924,10,684,220,2
-29.18004648391471,gmm_score,0.6801152737752162,0.2,0.3216374269005848,0.12163742690058477,0.2608187134502924,10,684,220,2
-29.17240419826602,gmm_score,0.6801152737752162,0.2,0.3216374269005848,0.12163742690058477,0.2608187134502924,10,684,220,2
-29.17187315605986,gmm_score,0.6801152737752162,0.2,0.3216374269005848,0.12163742690058477,0.2608187134502924,10,684,220,2
-29.171001121987267,gmm_score,0.6801152737752162,0.2,0.3216374269005848,0.12163742690058477,0.2608187134502924,10,684,220,2
-29.16339987985527,gmm_score,0.6815561959654178,0.2,0.3201754385964912,0.12017543859649121,0.2600877192982456,10,684,219,2
-29.156064255794682,gmm_score,0.6815561959654178,0.2,0.3201754385964912,0.12017543859649121,0.2600877192982456,10,684,219,2
-29.149144006016268,gmm_score,0.6815561959654178,0.2,0.3201754385964912,0.12017543859649121,0.2600877192982456,10,684,219,2
-29.14838337200077,gmm_score,0.6829971181556196,0.2,0.31871345029239767,0.11871345029239766,0.25935672514619884,10,684,218,2
-29.148187276571893,gmm_score,0.6844380403458213,0.2,0.3172514619883041,0.1172514619883041,0.2586257309941521,10,684,217,2
-29.145372950324706,gmm_score,0.6858789625360231,0.2,0.3157894736842105,0.1157894736842105,0.2578947368421053,10,684,216,2
-29.143486724557356,gmm_score,0.6873198847262247,0.2,0.31432748538011696,0.11432748538011694,0.2571637426900585,10,684,215,2
-29.139330211623985,gmm_score,0.6887608069164265,0.2,0.3128654970760234,0.11286549707602339,0.2564327485380117,10,684,214,2
-29.137870736184144,gmm_score,0.6887608069164265,0.2,0.3128654970760234,0.11286549707602339,0.2564327485380117,10,684,214,2
-29.128536808256666,gmm_score,0.6887608069164265,0.2,0.3128654970760234,0.11286549707602339,0.2564327485380117,10,684,214,2
-29.127351206337497,gmm_score,0.6887608069164265,0.2,0.3128654970760234,0.11286549707602339,0.2564327485380117,10,684,214,2
-29.124781135661344,gmm_score,0.6902017291066282,0.2,0.31140350877192985,0.11140350877192984,0.25570175438596493,10,684,213,2
-29.12206789143856,gmm_score,0.6902017291066282,0.2,0.31140350877192985,0.11140350877192984,0.25570175438596493,10,684,213,2
-29.10657525974686,gmm_score,0.6902017291066282,0.2,0.31140350877192985,0.11140350877192984,0.25570175438596493,10,684,213,2
-29.097148671705117,gmm_score,0.69164265129683,0.2,0.30994152046783624,0.10994152046783623,0.2549707602339181,10,684,212,2
-29.09079724857202,gmm_score,0.69164265129683,0.2,0.30994152046783624,0.10994152046783623,0.2549707602339181,10,684,212,2
-29.07712564018001,gmm_score,0.69164265129683,0.2,0.30994152046783624,0.10994152046783623,0.2549707602339181,10,684,212,2
-29.074391185868652,gmm_score,0.69164265129683,0.2,0.30994152046783624,0.10994152046783623,0.2549707602339181,10,684,212,2
-29.066978777223785,gmm_score,0.69164265129683,0.2,0.30994152046783624,0.10994152046783623,0.2549707602339181,10,684,212,2
-29.06677971000038,gmm_score,0.6930835734870316,0.2,0.3084795321637427,0.10847953216374268,0.2542397660818714,10,684,211,2
-29.050140906763332,gmm_score,0.6945244956772334,0.2,0.30701754385964913,0.10701754385964912,0.2535087719298246,10,684,210,2
-29.049319997008624,gmm_score,0.6945244956772334,0.2,0.30701754385964913,0.10701754385964912,0.2535087719298246,10,684,210,2
-29.045535153603513,gmm_score,0.6945244956772334,0.2,0.30701754385964913,0.10701754385964912,0.2535087719298246,10,684,210,2
-29.039614526731533,gmm_score,0.6959654178674352,0.2,0.3055555555555556,0.10555555555555557,0.25277777777777777,10,684,209,2
-29.035144437128096,gmm_score,0.6959654178674352,0.2,0.3055555555555556,0.10555555555555557,0.25277777777777777,10,684,209,2
-29.031771962946642,gmm_score,0.6959654178674352,0.2,0.3055555555555556,0.10555555555555557,0.25277777777777777,10,684,209,2
-29.025629977566133,gmm_score,0.6959654178674352,0.2,0.3055555555555556,0.10555555555555557,0.25277777777777777,10,684,209,2
-29.017928272021194,gmm_score,0.6974063400576369,0.2,0.30409356725146197,0.10409356725146196,0.25204678362573096,10,684,208,2
-29.013620332503287,gmm_score,0.6974063400576369,0.2,0.30409356725146197,0.10409356725146196,0.25204678362573096,10,684,208,2
-29.010431973092064,gmm_score,0.6988472622478387,0.2,0.3026315789473684,0.10263157894736841,0.2513157894736842,10,684,207,2
-29.002459336568712,gmm_score,0.7002881844380403,0.2,0.30116959064327486,0.10116959064327485,0.25058479532163747,10,684,206,2
-28.995877952875173,gmm_score,0.7017291066282421,0.2,0.2997076023391813,0.0997076023391813,0.24985380116959066,10,684,205,2
-28.99202290277326,gmm_score,0.7017291066282421,0.2,0.2997076023391813,0.0997076023391813,0.24985380116959066,10,684,205,2
-28.99103557472067,gmm_score,0.7031700288184438,0.2,0.2982456140350877,0.09824561403508769,0.24912280701754386,10,684,204,2
-28.99079702978929,gmm_score,0.7031700288184438,0.2,0.2982456140350877,0.09824561403508769,0.24912280701754386,10,684,204,2
-28.988961499409655,gmm_score,0.7031700288184438,0.2,0.2982456140350877,0.09824561403508769,0.24912280701754386,10,684,204,2
-28.988511116624572,gmm_score,0.7031700288184438,0.2,0.2982456140350877,0.09824561403508769,0.24912280701754386,10,684,204,2
-28.984426004770164,gmm_score,0.7046109510086456,0.2,0.29678362573099415,0.09678362573099414,0.24839181286549708,10,684,203,2
-28.980887735562018,gmm_score,0.7060518731988472,0.2,0.2953216374269006,0.09532163742690059,0.2476608187134503,10,684,202,2
-28.972646246572836,gmm_score,0.7060518731988472,0.2,0.2953216374269006,0.09532163742690059,0.2476608187134503,10,684,202,2
-28.968736108640645,gmm_score,0.707492795389049,0.2,0.29385964912280704,0.09385964912280703,0.24692982456140353,10,684,201,2
-28.96797016668276,gmm_score,0.707492795389049,0.2,0.29385964912280704,0.09385964912280703,0.24692982456140353,10,684,201,2
-28.96013577450112,gmm_score,0.707492795389049,0.2,0.29385964912280704,0.09385964912280703,0.24692982456140353,10,684,201,2
-28.956679659625063,gmm_score,0.7089337175792507,0.2,0.29239766081871343,0.09239766081871342,0.24619883040935672,10,684,200,2
-28.95608441526795,gmm_score,0.7089337175792507,0.2,0.29239766081871343,0.09239766081871342,0.24619883040935672,10,684,200,2
-28.95403988888255,gmm_score,0.7089337175792507,0.2,0.29239766081871343,0.09239766081871342,0.24619883040935672,10,684,200,2
-28.953242693694843,gmm_score,0.7103746397694525,0.2,0.2909356725146199,0.09093567251461987,0.24546783625730995,10,684,199,2
-28.951497272514096,gmm_score,0.7103746397694525,0.2,0.2909356725146199,0.09093567251461987,0.24546783625730995,10,684,199,2
-28.95126196265803,gmm_score,0.7118155619596542,0.2,0.2894736842105263,0.08947368421052632,0.24473684210526317,10,684,198,2
-28.94938690490703,gmm_score,0.7118155619596542,0.2,0.2894736842105263,0.08947368421052632,0.24473684210526317,10,684,198,2
-28.927583794876682,gmm_score,0.7118155619596542,0.2,0.2894736842105263,0.08947368421052632,0.24473684210526317,10,684,198,2
-28.908775628178834,gmm_score,0.7132564841498559,0.2,0.2880116959064328,0.08801169590643276,0.2440058479532164,10,684,197,2
-28.90210288055904,gmm_score,0.7132564841498559,0.2,0.2880116959064328,0.08801169590643276,0.2440058479532164,10,684,197,2
-28.90029109127328,gmm_score,0.7146974063400576,0.2,0.28654970760233917,0.08654970760233915,0.2432748538011696,10,684,196,2
-28.89568903564708,gmm_score,0.7161383285302594,0.2,0.2850877192982456,0.0850877192982456,0.2425438596491228,10,684,195,2
-28.888713014241812,gmm_score,0.7161383285302594,0.2,0.2850877192982456,0.0850877192982456,0.2425438596491228,10,684,195,2
-28.88671466620896,gmm_score,0.7161383285302594,0.2,0.2850877192982456,0.0850877192982456,0.2425438596491228,10,684,195,2
-28.86389207090818,gmm_score,0.7175792507204611,0.2,0.28362573099415206,0.08362573099415205,0.24181286549707603,10,684,194,2
-28.861301768906337,gmm_score,0.7175792507204611,0.2,0.28362573099415206,0.08362573099415205,0.24181286549707603,10,684,194,2
-28.86063793500684,gmm_score,0.7175792507204611,0.2,0.28362573099415206,0.08362573099415205,0.24181286549707603,10,684,194,2
-28.85683384527941,gmm_score,0.7175792507204611,0.2,0.28362573099415206,0.08362573099415205,0.24181286549707603,10,684,194,2
-28.837571981394017,gmm_score,0.7175792507204611,0.2,0.28362573099415206,0.08362573099415205,0.24181286549707603,10,684,194,2
-28.83077587462943,gmm_score,0.7190201729106628,0.2,0.2821637426900585,0.0821637426900585,0.24108187134502926,10,684,193,2
-28.81214781048907,gmm_score,0.7204610951008645,0.2,0.2807017543859649,0.08070175438596489,0.24035087719298245,10,684,192,2
-28.808062851791565,gmm_score,0.7204610951008645,0.2,0.2807017543859649,0.08070175438596489,0.24035087719298245,10,684,192,2
-28.79893347697734,gmm_score,0.7204610951008645,0.2,0.2807017543859649,0.08070175438596489,0.24035087719298245,10,684,192,2
-28.79515061580366,gmm_score,0.7204610951008645,0.2,0.2807017543859649,0.08070175438596489,0.24035087719298245,10,684,192,2
-28.79464374917424,gmm_score,0.7219020172910663,0.2,0.27923976608187134,0.07923976608187133,0.23961988304093568,10,684,191,2
-28.791901099092097,gmm_score,0.723342939481268,0.2,0.2777777777777778,0.07777777777777778,0.2388888888888889,10,684,190,2
-28.78443804228232,gmm_score,0.7247838616714697,0.2,0.27631578947368424,0.07631578947368423,0.23815789473684212,10,684,189,2
-28.78137882972246,gmm_score,0.7262247838616714,0.2,0.27485380116959063,0.07485380116959062,0.23742690058479532,10,684,188,2
-28.780843154419134,gmm_score,0.7262247838616714,0.2,0.27485380116959063,0.07485380116959062,0.23742690058479532,10,684,188,2
-28.77351141415376,gmm_score,0.7262247838616714,0.2,0.27485380116959063,0.07485380116959062,0.23742690058479532,10,684,188,2
-28.767261383553755,gmm_score,0.7276657060518732,0.2,0.2733918128654971,0.07339181286549706,0.23669590643274854,10,684,187,2
-28.758802902137518,gmm_score,0.7276657060518732,0.2,0.2733918128654971,0.07339181286549706,0.23669590643274854,10,684,187,2
-28.749754223383622,gmm_score,0.7276657060518732,0.2,0.2733918128654971,0.07339181286549706,0.23669590643274854,10,684,187,2
-28.747999541288543,gmm_score,0.7276657060518732,0.2,0.2733918128654971,0.07339181286549706,0.23669590643274854,10,684,187,2
-28.7447360567343,gmm_score,0.729106628242075,0.2,0.2719298245614035,0.07192982456140351,0.23596491228070177,10,684,186,2
-28.743507789649687,gmm_score,0.729106628242075,0.2,0.2719298245614035,0.07192982456140351,0.23596491228070177,10,684,186,2
-28.742795898824568,gmm_score,0.7305475504322767,0.2,0.27046783625730997,0.07046783625730996,0.235233918128655,10,684,185,2
-28.722906595328038,gmm_score,0.7305475504322767,0.2,0.27046783625730997,0.07046783625730996,0.235233918128655,10,684,185,2
-28.722804649147754,gmm_score,0.7305475504322767,0.2,0.27046783625730997,0.07046783625730996,0.235233918128655,10,684,185,2
-28.71544458351945,gmm_score,0.7305475504322767,0.2,0.27046783625730997,0.07046783625730996,0.235233918128655,10,684,185,2
-28.70368027322563,gmm_score,0.7305475504322767,0.2,0.27046783625730997,0.07046783625730996,0.235233918128655,10,684,185,2
-28.70156191207052,gmm_score,0.7319884726224783,0.2,0.26900584795321636,0.06900584795321635,0.23450292397660819,10,684,184,2
-28.697850943867756,gmm_score,0.7334293948126801,0.2,0.2675438596491228,0.0675438596491228,0.2337719298245614,10,684,183,2
-28.69707930875107,gmm_score,0.7334293948126801,0.2,0.2675438596491228,0.0675438596491228,0.2337719298245614,10,684,183,2
-28.69289609355287,gmm_score,0.7348703170028819,0.2,0.26608187134502925,0.06608187134502924,0.23304093567251463,10,684,182,2
-28.684740185500956,gmm_score,0.7363112391930836,0.2,0.2646198830409357,0.06461988304093569,0.23230994152046786,10,684,181,2
-28.680514230778126,gmm_score,0.7377521613832853,0.2,0.2631578947368421,0.06315789473684208,0.23157894736842105,10,684,180,2
-28.676376811759187,gmm_score,0.739193083573487,0.2,0.26169590643274854,0.061695906432748526,0.23084795321637427,10,684,179,2
-28.671533807636123,gmm_score,0.739193083573487,0.2,0.26169590643274854,0.061695906432748526,0.23084795321637427,10,684,179,2
-28.66681833613641,gmm_score,0.739193083573487,0.2,0.26169590643274854,0.061695906432748526,0.23084795321637427,10,684,179,2
-28.664736665444604,gmm_score,0.7406340057636888,0.2,0.260233918128655,0.06023391812865497,0.2301169590643275,10,684,178,2
-28.65914910117479,gmm_score,0.7406340057636888,0.2,0.260233918128655,0.06023391812865497,0.2301169590643275,10,684,178,2
-28.656042336556563,gmm_score,0.7406340057636888,0.2,0.260233918128655,0.06023391812865497,0.2301169590643275,10,684,178,2
-28.64699539462842,gmm_score,0.7420749279538905,0.2,0.25877192982456143,0.05877192982456142,0.22938596491228072,10,684,177,2
-28.642949239319226,gmm_score,0.7435158501440923,0.2,0.2573099415204678,0.05730994152046781,0.22865497076023392,10,684,176,2
-28.64215680513173,gmm_score,0.7435158501440923,0.2,0.2573099415204678,0.05730994152046781,0.22865497076023392,10,684,176,2
-28.632357518132945,gmm_score,0.7449567723342939,0.2,0.25584795321637427,0.05584795321637426,0.22792397660818714,10,684,175,2
-28.61499091404016,gmm_score,0.7449567723342939,0.2,0.25584795321637427,0.05584795321637426,0.22792397660818714,10,684,175,2
-28.613816581291804,gmm_score,0.7463976945244957,0.2,0.2543859649122807,0.054385964912280704,0.22719298245614036,10,684,174,2
-28.61269551267198,gmm_score,0.7463976945244957,0.2,0.2543859649122807,0.054385964912280704,0.22719298245614036,10,684,174,2
-28.589783946898486,gmm_score,0.7463976945244957,0.2,0.2543859649122807,0.054385964912280704,0.22719298245614036,10,684,174,2
-28.586444366221745,gmm_score,0.7478386167146974,0.2,0.25292397660818716,0.05292397660818715,0.2264619883040936,10,684,173,2
-28.556276144403114,gmm_score,0.7478386167146974,0.2,0.25292397660818716,0.05292397660818715,0.2264619883040936,10,684,173,2
-28.554027615141383,gmm_score,0.7478386167146974,0.2,0.25292397660818716,0.05292397660818715,0.2264619883040936,10,684,173,2
-28.548779533871617,gmm_score,0.7478386167146974,0.2,0.25292397660818716,0.05292397660818715,0.2264619883040936,10,684,173,2
-28.54342295827427,gmm_score,0.7478386167146974,0.2,0.25292397660818716,0.05292397660818715,0.2264619883040936,10,684,173,2
-28.542779466100264,gmm_score,0.7478386167146974,0.2,0.25292397660818716,0.05292397660818715,0.2264619883040936,10,684,173,2
-28.526056258543647,gmm_score,0.7492795389048992,0.2,0.25146198830409355,0.05146198830409354,0.22573099415204678,10,684,172,2
-28.519055026098968,gmm_score,0.7492795389048992,0.2,0.25146198830409355,0.05146198830409354,0.22573099415204678,10,684,172,2
-28.516827295824513,gmm_score,0.7492795389048992,0.2,0.25146198830409355,0.05146198830409354,0.22573099415204678,10,684,172,2
-28.50906614818044,gmm_score,0.7492795389048992,0.2,0.25146198830409355,0.05146198830409354,0.22573099415204678,10,684,172,2
-28.507846549646878,gmm_score,0.7492795389048992,0.2,0.25146198830409355,0.05146198830409354,0.22573099415204678,10,684,172,2
-28.505400181519487,gmm_score,0.7507204610951008,0.2,0.25,0.04999999999999999,0.225,10,684,171,2
-28.490816126603455,gmm_score,0.7521613832853026,0.2,0.24853801169590642,0.04853801169590641,0.22426900584795323,10,684,170,2
-28.47987918635964,gmm_score,0.7521613832853026,0.2,0.24853801169590642,0.04853801169590641,0.22426900584795323,10,684,170,2
-28.478621153506968,gmm_score,0.7536023054755043,0.2,0.24707602339181287,0.047076023391812855,0.22353801169590642,10,684,169,2
-28.475494741507024,gmm_score,0.7536023054755043,0.2,0.24707602339181287,0.047076023391812855,0.22353801169590642,10,684,169,2
-28.473775701348092,gmm_score,0.7536023054755043,0.2,0.24707602339181287,0.047076023391812855,0.22353801169590642,10,684,169,2
-28.4696267195072,gmm_score,0.7550432276657061,0.2,0.24561403508771928,0.045614035087719274,0.22280701754385965,10,684,168,2
-28.465579325896623,gmm_score,0.7564841498559077,0.2,0.24415204678362573,0.04415204678362572,0.22207602339181287,10,684,167,2
-28.458761842912658,gmm_score,0.7564841498559077,0.2,0.24415204678362573,0.04415204678362572,0.22207602339181287,10,684,167,2
-28.457882759721485,gmm_score,0.7564841498559077,0.2,0.24415204678362573,0.04415204678362572,0.22207602339181287,10,684,167,2
-28.432742903767842,gmm_score,0.7564841498559077,0.2,0.24415204678362573,0.04415204678362572,0.22207602339181287,10,684,167,2
-28.425880869532158,gmm_score,0.7564841498559077,0.2,0.24415204678362573,0.04415204678362572,0.22207602339181287,10,684,167,2
-28.42559186841635,gmm_score,0.7564841498559077,0.2,0.24415204678362573,0.04415204678362572,0.22207602339181287,10,684,167,2
-28.41840205110371,gmm_score,0.7579250720461095,0.2,0.24269005847953215,0.04269005847953214,0.22134502923976607,10,684,166,2
-28.413710725578948,gmm_score,0.7579250720461095,0.2,0.24269005847953215,0.04269005847953214,0.22134502923976607,10,684,166,2
-28.4087315962166,gmm_score,0.7579250720461095,0.2,0.24269005847953215,0.04269005847953214,0.22134502923976607,10,684,166,2
-28.40750773696956,gmm_score,0.7579250720461095,0.2,0.24269005847953215,0.04269005847953214,0.22134502923976607,10,684,166,2
-28.39960105020075,gmm_score,0.7593659942363112,0.2,0.2412280701754386,0.041228070175438586,0.22061403508771932,10,684,165,2
-28.397165931142442,gmm_score,0.760806916426513,0.2,0.23976608187134502,0.039766081871345005,0.2198830409356725,10,684,164,2
-28.39700098195813,gmm_score,0.7622478386167147,0.2,0.23830409356725146,0.03830409356725145,0.21915204678362574,10,684,163,2
-28.376859623973328,gmm_score,0.7622478386167147,0.2,0.23830409356725146,0.03830409356725145,0.21915204678362574,10,684,163,2
-28.37515753362873,gmm_score,0.7636887608069164,0.2,0.23684210526315788,0.03684210526315787,0.21842105263157896,10,684,162,2
-28.372364694144107,gmm_score,0.7651296829971181,0.2,0.23538011695906433,0.03538011695906432,0.21769005847953216,10,684,161,2
-28.3605556253755,gmm_score,0.7665706051873199,0.2,0.23391812865497075,0.033918128654970736,0.21695906432748538,10,684,160,2
-28.350387558748253,gmm_score,0.7680115273775217,0.2,0.2324561403508772,0.03245614035087718,0.2162280701754386,10,684,159,2
-28.341976173457184,gmm_score,0.7680115273775217,0.2,0.2324561403508772,0.03245614035087718,0.2162280701754386,10,684,159,2
-28.33955275177931,gmm_score,0.7680115273775217,0.2,0.2324561403508772,0.03245614035087718,0.2162280701754386,10,684,159,2
-28.33171155856417,gmm_score,0.7694524495677233,0.2,0.2309941520467836,0.030994152046783602,0.2154970760233918,10,684,158,2
-28.330245275997168,gmm_score,0.7694524495677233,0.2,0.2309941520467836,0.030994152046783602,0.2154970760233918,10,684,158,2
-28.328438772776536,gmm_score,0.770893371757925,0.2,0.22953216374269006,0.02953216374269005,0.21476608187134505,10,684,157,2
-28.319641908490592,gmm_score,0.7723342939481268,0.2,0.22807017543859648,0.028070175438596467,0.21403508771929824,10,684,156,2
-28.3189710835226,gmm_score,0.7723342939481268,0.2,0.22807017543859648,0.028070175438596467,0.21403508771929824,10,684,156,2
-28.31526449064028,gmm_score,0.7723342939481268,0.2,0.22807017543859648,0.028070175438596467,0.21403508771929824,10,684,156,2
-28.31263488034054,gmm_score,0.7723342939481268,0.2,0.22807017543859648,0.028070175438596467,0.21403508771929824,10,684,156,2
-28.312330208380494,gmm_score,0.7737752161383286,0.2,0.22660818713450293,0.026608187134502914,0.21330409356725147,10,684,155,2
-28.30976083941227,gmm_score,0.7752161383285303,0.2,0.22514619883040934,0.025146198830409333,0.2125730994152047,10,684,154,2
-28.30471026651658,gmm_score,0.776657060518732,0.2,0.2236842105263158,0.02368421052631578,0.2118421052631579,10,684,153,2
-28.28558405057187,gmm_score,0.776657060518732,0.2,0.2236842105263158,0.02368421052631578,0.2118421052631579,10,684,153,2
-28.27920314302705,gmm_score,0.776657060518732,0.2,0.2236842105263158,0.02368421052631578,0.2118421052631579,10,684,153,2
-28.275607891024226,gmm_score,0.7780979827089337,0.2,0.2222222222222222,0.0222222222222222,0.2111111111111111,10,684,152,2
-28.26870375593265,gmm_score,0.7795389048991355,0.2,0.22076023391812866,0.020760233918128645,0.21038011695906433,10,684,151,2
-28.267581205507277,gmm_score,0.7795389048991355,0.2,0.22076023391812866,0.020760233918128645,0.21038011695906433,10,684,151,2
-28.265325857313556,gmm_score,0.7795389048991355,0.2,0.22076023391812866,0.020760233918128645,0.21038011695906433,10,684,151,2
-28.254809724983907,gmm_score,0.7795389048991355,0.2,0.22076023391812866,0.020760233918128645,0.21038011695906433,10,684,151,2
-28.249713831030615,gmm_score,0.7809798270893372,0.2,0.21929824561403508,0.019298245614035064,0.20964912280701753,10,684,150,2
-28.24950023169482,gmm_score,0.7824207492795389,0.2,0.21783625730994152,0.01783625730994151,0.20891812865497078,10,684,149,2
-28.239277386104472,gmm_score,0.7824207492795389,0.2,0.21783625730994152,0.01783625730994151,0.20891812865497078,10,684,149,2
-28.2368499591166,gmm_score,0.7838616714697406,0.2,0.21637426900584794,0.01637426900584793,0.20818713450292398,10,684,148,2
-28.228559944957897,gmm_score,0.7838616714697406,0.2,0.21637426900584794,0.01637426900584793,0.20818713450292398,10,684,148,2
-28.22476583914558,gmm_score,0.7838616714697406,0.2,0.21637426900584794,0.01637426900584793,0.20818713450292398,10,684,148,2
-28.221551330011696,gmm_score,0.7853025936599424,0.2,0.2149122807017544,0.014912280701754377,0.2074561403508772,10,684,147,2
-28.220457038521584,gmm_score,0.7867435158501441,0.2,0.2134502923976608,0.013450292397660796,0.20672514619883042,10,684,146,2
-28.20845162027521,gmm_score,0.7881844380403458,0.2,0.21198830409356725,0.011988304093567242,0.20599415204678362,10,684,145,2
-28.20397807395483,gmm_score,0.7896253602305475,0.2,0.21052631578947367,0.010526315789473661,0.20526315789473684,10,684,144,2
-28.197541283390823,gmm_score,0.7910662824207493,0.2,0.20906432748538012,0.009064327485380108,0.20453216374269007,10,684,143,2
-28.153191805570714,gmm_score,0.7910662824207493,0.2,0.20906432748538012,0.009064327485380108,0.20453216374269007,10,684,143,2
-28.146016202015986,gmm_score,0.792507204610951,0.2,0.20760233918128654,0.007602339181286527,0.20380116959064326,10,684,142,2
-28.143018184318144,gmm_score,0.792507204610951,0.2,0.20760233918128654,0.007602339181286527,0.20380116959064326,10,684,142,2
-28.137026926782823,gmm_score,0.792507204610951,0.2,0.20760233918128654,0.007602339181286527,0.20380116959064326,10,684,142,2
-28.13157233618729,gmm_score,0.792507204610951,0.2,0.20760233918128654,0.007602339181286527,0.20380116959064326,10,684,142,2
-28.130025513719094,gmm_score,0.792507204610951,0.2,0.20760233918128654,0.007602339181286527,0.20380116959064326,10,684,142,2
-28.118508768679185,gmm_score,0.7939481268011528,0.2,0.20614035087719298,0.006140350877192974,0.2030701754385965,10,684,141,2
-28.0952266742437,gmm_score,0.7953890489913544,0.2,0.2046783625730994,0.004678362573099393,0.2023391812865497,10,684,140,2
-28.09487490800888,gmm_score,0.7968299711815562,0.2,0.20321637426900585,0.0032163742690058394,0.20160818713450293,10,684,139,2
-28.07469842434208,gmm_score,0.7968299711815562,0.2,0.20321637426900585,0.0032163742690058394,0.20160818713450293,10,684,139,2
-28.05324222188966,gmm_score,0.7982708933717579,0.2,0.20175438596491227,0.0017543859649122584,0.20087719298245615,10,684,138,2
-28.05057253031297,gmm_score,0.7982708933717579,0.2,0.20175438596491227,0.0017543859649122584,0.20087719298245615,10,684,138,2
-28.040396145011766,gmm_score,0.7997118155619597,0.2,0.20029239766081872,0.0002923976608187051,0.20014619883040935,10,684,137,2
-28.02874462850114,gmm_score,0.8011527377521613,0.2,0.19883040935672514,0.001169590643274876,0.19941520467836257,10,684,136,2
-28.027018307334682,gmm_score,0.8011527377521613,0.2,0.19883040935672514,0.001169590643274876,0.19941520467836257,10,684,136,2
-28.02359772062767,gmm_score,0.8025936599423631,0.2,0.19736842105263158,0.0026315789473684292,0.1986842105263158,10,684,135,2
-28.020792543244067,gmm_score,0.8025936599423631,0.2,0.19736842105263158,0.0026315789473684292,0.1986842105263158,10,684,135,2
-28.0142300757487,gmm_score,0.8040345821325648,0.2,0.195906432748538,0.00409356725146201,0.197953216374269,10,684,134,2
-27.999834619554996,gmm_score,0.8040345821325648,0.2,0.195906432748538,0.00409356725146201,0.197953216374269,10,684,134,2
-27.996198043666052,gmm_score,0.8054755043227666,0.2,0.19444444444444445,0.005555555555555564,0.19722222222222224,10,684,133,2
-27.99387719916389,gmm_score,0.8054755043227666,0.2,0.19444444444444445,0.005555555555555564,0.19722222222222224,10,684,133,2
-27.991834731844893,gmm_score,0.8069164265129684,0.2,0.19298245614035087,0.007017543859649145,0.19649122807017544,10,684,132,2
-27.98289722233839,gmm_score,0.8069164265129684,0.2,0.19298245614035087,0.007017543859649145,0.19649122807017544,10,684,132,2
-27.982433880360787,gmm_score,0.80835734870317,0.2,0.1915204678362573,0.008479532163742698,0.19576023391812866,10,684,131,2
-27.969298049468485,gmm_score,0.8097982708933718,0.2,0.19005847953216373,0.009941520467836279,0.19502923976608189,10,684,130,2
-27.96666780125416,gmm_score,0.8112391930835735,0.2,0.18859649122807018,0.011403508771929832,0.19429824561403508,10,684,129,2
-27.965875213035126,gmm_score,0.8126801152737753,0.2,0.1871345029239766,0.012865497076023413,0.1935672514619883,10,684,128,2
-27.9629539331763,gmm_score,0.8141210374639769,0.2,0.18567251461988304,0.014327485380116967,0.19283625730994153,10,684,127,2
-27.958894434652283,gmm_score,0.8141210374639769,0.2,0.18567251461988304,0.014327485380116967,0.19283625730994153,10,684,127,2
-27.9533718103054,gmm_score,0.8155619596541787,0.2,0.18421052631578946,0.015789473684210548,0.19210526315789472,10,684,126,2
-27.94199336422929,gmm_score,0.8155619596541787,0.2,0.18421052631578946,0.015789473684210548,0.19210526315789472,10,684,126,2
-27.941337827770973,gmm_score,0.8155619596541787,0.2,0.18421052631578946,0.015789473684210548,0.19210526315789472,10,684,126,2
-27.937397721650633,gmm_score,0.8170028818443804,0.2,0.1827485380116959,0.0172514619883041,0.19137426900584797,10,684,125,2
-27.9232328284164,gmm_score,0.8184438040345822,0.2,0.18128654970760233,0.018713450292397682,0.19064327485380117,10,684,124,2
-27.91175469288194,gmm_score,0.8198847262247838,0.2,0.17982456140350878,0.020175438596491235,0.1899122807017544,10,684,123,2
-27.905932435739658,gmm_score,0.8213256484149856,0.2,0.1783625730994152,0.021637426900584816,0.18918128654970762,10,684,122,2
-27.894765356367962,gmm_score,0.8227665706051873,0.2,0.17690058479532164,0.02309941520467837,0.1884502923976608,10,684,121,2
-27.889738829978647,gmm_score,0.8242074927953891,0.2,0.17543859649122806,0.02456140350877195,0.18771929824561404,10,684,120,2
-27.875148047489525,gmm_score,0.8242074927953891,0.2,0.17543859649122806,0.02456140350877195,0.18771929824561404,10,684,120,2
-27.861533145714677,gmm_score,0.8242074927953891,0.2,0.17543859649122806,0.02456140350877195,0.18771929824561404,10,684,120,2
-27.850561650635242,gmm_score,0.8256484149855908,0.2,0.1739766081871345,0.026023391812865504,0.18698830409356726,10,684,119,2
-27.845286049447164,gmm_score,0.8256484149855908,0.2,0.1739766081871345,0.026023391812865504,0.18698830409356726,10,684,119,2
-27.84397826778545,gmm_score,0.8256484149855908,0.2,0.1739766081871345,0.026023391812865504,0.18698830409356726,10,684,119,2
-27.839803755072882,gmm_score,0.8270893371757925,0.2,0.17251461988304093,0.027485380116959085,0.18625730994152045,10,684,118,2
-27.831743738682515,gmm_score,0.8285302593659942,0.2,0.17105263157894737,0.02894736842105264,0.1855263157894737,10,684,117,2
-27.828625626271815,gmm_score,0.829971181556196,0.2,0.1695906432748538,0.03040935672514622,0.1847953216374269,10,684,116,2
-27.825243607089167,gmm_score,0.8314121037463977,0.2,0.16812865497076024,0.03187134502923977,0.18406432748538012,10,684,115,2
-27.818362176908916,gmm_score,0.8314121037463977,0.2,0.16812865497076024,0.03187134502923977,0.18406432748538012,10,684,115,2
-27.815640945990214,gmm_score,0.8328530259365994,0.2,0.16666666666666666,0.033333333333333354,0.18333333333333335,10,684,114,2
-27.811878612939847,gmm_score,0.8342939481268011,0.2,0.1652046783625731,0.03479532163742691,0.18260233918128654,10,684,113,2
-27.769149763135665,gmm_score,0.8357348703170029,0.2,0.16374269005847952,0.03625730994152049,0.18187134502923977,10,684,112,2
-27.76273833975156,gmm_score,0.8371757925072046,0.2,0.16228070175438597,0.03771929824561404,0.181140350877193,10,684,111,2
-27.75809810696143,gmm_score,0.8371757925072046,0.2,0.16228070175438597,0.03771929824561404,0.181140350877193,10,684,111,2
-27.744489101663437,gmm_score,0.8371757925072046,0.2,0.16228070175438597,0.03771929824561404,0.181140350877193,10,684,111,2
-27.73209678386154,gmm_score,0.8386167146974063,0.2,0.1608187134502924,0.03918128654970762,0.18040935672514619,10,684,110,2
-27.721822058593652,gmm_score,0.8386167146974063,0.2,0.1608187134502924,0.03918128654970762,0.18040935672514619,10,684,110,2
-27.717998549570616,gmm_score,0.840057636887608,0.2,0.15935672514619884,0.040643274853801176,0.17967836257309944,10,684,109,2
-27.71268161349176,gmm_score,0.840057636887608,0.2,0.15935672514619884,0.040643274853801176,0.17967836257309944,10,684,109,2
-27.70569655482747,gmm_score,0.840057636887608,0.2,0.15935672514619884,0.040643274853801176,0.17967836257309944,10,684,109,2
-27.69522567186517,gmm_score,0.840057636887608,0.2,0.15935672514619884,0.040643274853801176,0.17967836257309944,10,684,109,2
-27.686319500902936,gmm_score,0.840057636887608,0.2,0.15935672514619884,0.040643274853801176,0.17967836257309944,10,684,109,2
-27.678317423454462,gmm_score,0.840057636887608,0.2,0.15935672514619884,0.040643274853801176,0.17967836257309944,10,684,109,2
-27.661544103191535,gmm_score,0.8414985590778098,0.2,0.15789473684210525,0.04210526315789476,0.17894736842105263,10,684,108,2
-27.659993743263254,gmm_score,0.8429394812680115,0.2,0.1564327485380117,0.04356725146198831,0.17821637426900586,10,684,107,2
-27.658258504368764,gmm_score,0.8429394812680115,0.2,0.1564327485380117,0.04356725146198831,0.17821637426900586,10,684,107,2
-27.653826525924686,gmm_score,0.8429394812680115,0.2,0.1564327485380117,0.04356725146198831,0.17821637426900586,10,684,107,2
-27.64034843465369,gmm_score,0.8429394812680115,0.2,0.1564327485380117,0.04356725146198831,0.17821637426900586,10,684,107,2
-27.60823961640222,gmm_score,0.8443804034582133,0.2,0.15497076023391812,0.04502923976608189,0.17748538011695908,10,684,106,2
-27.598718218853534,gmm_score,0.8443804034582133,0.2,0.15497076023391812,0.04502923976608189,0.17748538011695908,10,684,106,2
-27.579104799730764,gmm_score,0.8443804034582133,0.2,0.15497076023391812,0.04502923976608189,0.17748538011695908,10,684,106,2
-27.572668511137653,gmm_score,0.845821325648415,0.2,0.15350877192982457,0.046491228070175444,0.17675438596491228,10,684,105,2
-27.56868908155592,gmm_score,0.845821325648415,0.2,0.15350877192982457,0.046491228070175444,0.17675438596491228,10,684,105,2
-27.546043516732126,gmm_score,0.845821325648415,0.2,0.15350877192982457,0.046491228070175444,0.17675438596491228,10,684,105,2
-27.52179465346936,gmm_score,0.845821325648415,0.2,0.15350877192982457,0.046491228070175444,0.17675438596491228,10,684,105,2
-27.520642371931054,gmm_score,0.8472622478386167,0.2,0.15204678362573099,0.047953216374269025,0.1760233918128655,10,684,104,2
-27.514472399262047,gmm_score,0.8472622478386167,0.2,0.15204678362573099,0.047953216374269025,0.1760233918128655,10,684,104,2
-27.51243742238164,gmm_score,0.8487031700288185,0.2,0.15058479532163743,0.04941520467836258,0.17529239766081872,10,684,103,2
-27.506942946144243,gmm_score,0.8501440922190202,0.2,0.14912280701754385,0.05087719298245616,0.17456140350877192,10,684,102,2
-27.492320460446532,gmm_score,0.8501440922190202,0.2,0.14912280701754385,0.05087719298245616,0.17456140350877192,10,684,102,2
-27.491958244135873,gmm_score,0.8515850144092219,0.2,0.1476608187134503,0.05233918128654971,0.17383040935672517,10,684,101,2
-27.460436843409276,gmm_score,0.8530259365994236,0.2,0.14619883040935672,0.053801169590643294,0.17309941520467836,10,684,100,2
-27.458271245883004,gmm_score,0.8530259365994236,0.2,0.14619883040935672,0.053801169590643294,0.17309941520467836,10,684,100,2
-27.43767926754865,gmm_score,0.8544668587896254,0.2,0.14473684210526316,0.05526315789473685,0.1723684210526316,10,684,99,2
-27.43374114040165,gmm_score,0.8559077809798271,0.2,0.14327485380116958,0.05672514619883043,0.1716374269005848,10,684,98,2
-27.420384422845693,gmm_score,0.8573487031700289,0.2,0.14181286549707603,0.05818713450292398,0.170906432748538,10,684,97,2
-27.36930100188832,gmm_score,0.8573487031700289,0.2,0.14181286549707603,0.05818713450292398,0.170906432748538,10,684,97,2
-27.368188505131812,gmm_score,0.8573487031700289,0.2,0.14181286549707603,0.05818713450292398,0.170906432748538,10,684,97,2
-27.358299911647002,gmm_score,0.8573487031700289,0.2,0.14181286549707603,0.05818713450292398,0.170906432748538,10,684,97,2
-27.35621816218585,gmm_score,0.8587896253602305,0.2,0.14035087719298245,0.05964912280701756,0.17017543859649123,10,684,96,2
-27.35169273806147,gmm_score,0.8587896253602305,0.2,0.14035087719298245,0.05964912280701756,0.17017543859649123,10,684,96,2
-27.34713494173719,gmm_score,0.8602305475504323,0.2,0.1388888888888889,0.061111111111111116,0.16944444444444445,10,684,95,2
-27.338806859256444,gmm_score,0.861671469740634,0.2,0.13742690058479531,0.0625730994152047,0.16871345029239765,10,684,94,2
-27.323806390088773,gmm_score,0.8631123919308358,0.2,0.13596491228070176,0.06403508771929825,0.1679824561403509,10,684,93,2
-27.31150803935777,gmm_score,0.8631123919308358,0.2,0.13596491228070176,0.06403508771929825,0.1679824561403509,10,684,93,2
-27.300136191423658,gmm_score,0.8645533141210374,0.2,0.13450292397660818,0.06549707602339183,0.1672514619883041,10,684,92,2
-27.297475365856936,gmm_score,0.8659942363112392,0.2,0.13304093567251463,0.06695906432748538,0.16652046783625732,10,684,91,2
-27.291971821935302,gmm_score,0.8674351585014409,0.2,0.13157894736842105,0.06842105263157897,0.16578947368421054,10,684,90,2
-27.287104492300134,gmm_score,0.8674351585014409,0.2,0.13157894736842105,0.06842105263157897,0.16578947368421054,10,684,90,2
-27.285952706820723,gmm_score,0.8688760806916427,0.2,0.1301169590643275,0.06988304093567252,0.16505847953216374,10,684,89,2
-27.272313911493296,gmm_score,0.8703170028818443,0.2,0.1286549707602339,0.0713450292397661,0.16432748538011696,10,684,88,2
-27.2611178439752,gmm_score,0.8717579250720461,0.2,0.12719298245614036,0.07280701754385965,0.16359649122807018,10,684,87,2
-27.255606469448985,gmm_score,0.8731988472622478,0.2,0.12573099415204678,0.07426900584795323,0.16286549707602338,10,684,86,2
-27.252290795862987,gmm_score,0.8746397694524496,0.2,0.12426900584795321,0.0757309941520468,0.1621345029239766,10,684,85,2
-27.2450626255017,gmm_score,0.8760806916426513,0.2,0.12280701754385964,0.07719298245614037,0.16140350877192983,10,684,84,2
-27.24283650809967,gmm_score,0.8760806916426513,0.2,0.12280701754385964,0.07719298245614037,0.16140350877192983,10,684,84,2
-27.212952474777108,gmm_score,0.877521613832853,0.2,0.12134502923976608,0.07865497076023394,0.16067251461988305,10,684,83,2
-27.21253856551946,gmm_score,0.877521613832853,0.2,0.12134502923976608,0.07865497076023394,0.16067251461988305,10,684,83,2
-27.212436261998267,gmm_score,0.8789625360230547,0.2,0.11988304093567251,0.0801169590643275,0.15994152046783627,10,684,82,2
-27.196849613863744,gmm_score,0.8789625360230547,0.2,0.11988304093567251,0.0801169590643275,0.15994152046783627,10,684,82,2
-27.193050512898214,gmm_score,0.8804034582132565,0.2,0.11842105263157894,0.08157894736842107,0.15921052631578947,10,684,81,2
-27.184769924674047,gmm_score,0.8818443804034583,0.2,0.11695906432748537,0.08304093567251464,0.1584795321637427,10,684,80,2
-27.166229495012256,gmm_score,0.8832853025936599,0.2,0.1154970760233918,0.0845029239766082,0.15774853801169592,10,684,79,2
-27.093083818329895,gmm_score,0.8832853025936599,0.2,0.1154970760233918,0.0845029239766082,0.15774853801169592,10,684,79,2
-27.087593766564005,gmm_score,0.8847262247838616,0.2,0.11403508771929824,0.08596491228070177,0.1570175438596491,10,684,78,2
-27.0551085748776,gmm_score,0.8861671469740634,0.2,0.11257309941520467,0.08742690058479534,0.15628654970760233,10,684,77,2
-27.039666079611543,gmm_score,0.8876080691642652,0.2,0.1111111111111111,0.0888888888888889,0.15555555555555556,10,684,76,2
-27.03776653383348,gmm_score,0.8876080691642652,0.2,0.1111111111111111,0.0888888888888889,0.15555555555555556,10,684,76,2
-27.005792709653996,gmm_score,0.8876080691642652,0.2,0.1111111111111111,0.0888888888888889,0.15555555555555556,10,684,76,2
-26.989058360757003,gmm_score,0.8876080691642652,0.2,0.1111111111111111,0.0888888888888889,0.15555555555555556,10,684,76,2
-26.96612387273333,gmm_score,0.8876080691642652,0.2,0.1111111111111111,0.0888888888888889,0.15555555555555556,10,684,76,2
-26.963523386221706,gmm_score,0.8890489913544669,0.2,0.10964912280701754,0.09035087719298247,0.15482456140350878,10,684,75,2
-26.96047055377723,gmm_score,0.8890489913544669,0.2,0.10964912280701754,0.09035087719298247,0.15482456140350878,10,684,75,2
-26.945620194857447,gmm_score,0.8890489913544669,0.2,0.10964912280701754,0.09035087719298247,0.15482456140350878,10,684,75,2
-26.941303611264367,gmm_score,0.8890489913544669,0.2,0.10964912280701754,0.09035087719298247,0.15482456140350878,10,684,75,2
-26.93869311103399,gmm_score,0.8904899135446686,0.2,0.10818713450292397,0.09181286549707604,0.154093567251462,10,684,74,2
-26.932769666162446,gmm_score,0.8904899135446686,0.2,0.10818713450292397,0.09181286549707604,0.154093567251462,10,684,74,2
-26.92879134413835,gmm_score,0.8904899135446686,0.2,0.10818713450292397,0.09181286549707604,0.154093567251462,10,684,74,2
-26.91424049060578,gmm_score,0.8919308357348703,0.2,0.1067251461988304,0.09327485380116961,0.1533625730994152,10,684,73,2
-26.909478051397933,gmm_score,0.8919308357348703,0.2,0.1067251461988304,0.09327485380116961,0.1533625730994152,10,684,73,2
-26.908529766106664,gmm_score,0.8933717579250721,0.2,0.10526315789473684,0.09473684210526317,0.15263157894736842,10,684,72,2
-26.90163215479046,gmm_score,0.8933717579250721,0.2,0.10526315789473684,0.09473684210526317,0.15263157894736842,10,684,72,2
-26.832433776503752,gmm_score,0.8933717579250721,0.2,0.10526315789473684,0.09473684210526317,0.15263157894736842,10,684,72,2
-26.826212165373715,gmm_score,0.8948126801152738,0.2,0.10380116959064327,0.09619883040935674,0.15190058479532165,10,684,71,2
-26.810360744714878,gmm_score,0.8948126801152738,0.2,0.10380116959064327,0.09619883040935674,0.15190058479532165,10,684,71,2
-26.779344315196038,gmm_score,0.8948126801152738,0.2,0.10380116959064327,0.09619883040935674,0.15190058479532165,10,684,71,2
-26.768503503685903,gmm_score,0.8948126801152738,0.2,0.10380116959064327,0.09619883040935674,0.15190058479532165,10,684,71,2
-26.76257920403192,gmm_score,0.8948126801152738,0.2,0.10380116959064327,0.09619883040935674,0.15190058479532165,10,684,71,2
-26.74852812748056,gmm_score,0.8962536023054755,0.2,0.1023391812865497,0.09766081871345031,0.15116959064327484,10,684,70,2
-26.74723114253567,gmm_score,0.8962536023054755,0.2,0.1023391812865497,0.09766081871345031,0.15116959064327484,10,684,70,2
-26.726731760437676,gmm_score,0.8962536023054755,0.2,0.1023391812865497,0.09766081871345031,0.15116959064327484,10,684,70,2
-26.721927159148795,gmm_score,0.8962536023054755,0.2,0.1023391812865497,0.09766081871345031,0.15116959064327484,10,684,70,2
-26.708731947377796,gmm_score,0.8962536023054755,0.2,0.1023391812865497,0.09766081871345031,0.15116959064327484,10,684,70,2
-26.70802334881477,gmm_score,0.8962536023054755,0.2,0.1023391812865497,0.09766081871345031,0.15116959064327484,10,684,70,2
-26.697564714054547,gmm_score,0.8962536023054755,0.2,0.1023391812865497,0.09766081871345031,0.15116959064327484,10,684,70,2
-26.696535746377197,gmm_score,0.8962536023054755,0.2,0.1023391812865497,0.09766081871345031,0.15116959064327484,10,684,70,2
-26.685707379945416,gmm_score,0.8976945244956772,0.2,0.10087719298245613,0.09912280701754388,0.15043859649122807,10,684,69,2
-26.643145855875215,gmm_score,0.8976945244956772,0.2,0.10087719298245613,0.09912280701754388,0.15043859649122807,10,684,69,2
-26.54783905985264,gmm_score,0.8976945244956772,0.2,0.10087719298245613,0.09912280701754388,0.15043859649122807,10,684,69,2
-26.54688386269709,gmm_score,0.8976945244956772,0.2,0.10087719298245613,0.09912280701754388,0.15043859649122807,10,684,69,2
-26.540966075741693,gmm_score,0.899135446685879,0.2,0.09941520467836257,0.10058479532163744,0.1497076023391813,10,684,68,2
-26.513534542280997,gmm_score,0.9005763688760807,0.2,0.097953216374269,0.10204678362573101,0.1489766081871345,10,684,67,2
-26.507657228170082,gmm_score,0.9005763688760807,0.2,0.097953216374269,0.10204678362573101,0.1489766081871345,10,684,67,2
-26.50624301664755,gmm_score,0.9020172910662824,0.2,0.09649122807017543,0.10350877192982458,0.14824561403508774,10,684,66,2
-26.504410669302636,gmm_score,0.9034582132564841,0.2,0.09502923976608187,0.10497076023391815,0.14751461988304093,10,684,65,2
-26.496070806519477,gmm_score,0.9034582132564841,0.2,0.09502923976608187,0.10497076023391815,0.14751461988304093,10,684,65,2
-26.483879191065945,gmm_score,0.9048991354466859,0.2,0.0935672514619883,0.10643274853801171,0.14678362573099416,10,684,64,2
-26.48323555354645,gmm_score,0.9048991354466859,0.2,0.0935672514619883,0.10643274853801171,0.14678362573099416,10,684,64,2
-26.47889828755526,gmm_score,0.9063400576368876,0.2,0.09210526315789473,0.10789473684210528,0.14605263157894738,10,684,63,2
-26.43649788957473,gmm_score,0.9077809798270894,0.2,0.09064327485380116,0.10935672514619885,0.14532163742690057,10,684,62,2
-26.40764601986964,gmm_score,0.909221902017291,0.2,0.0891812865497076,0.11081871345029241,0.1445906432748538,10,684,61,2
-26.395631056399015,gmm_score,0.909221902017291,0.2,0.0891812865497076,0.11081871345029241,0.1445906432748538,10,684,61,2
-26.3455674855505,gmm_score,0.909221902017291,0.2,0.0891812865497076,0.11081871345029241,0.1445906432748538,10,684,61,2
-26.331263622043092,gmm_score,0.909221902017291,0.2,0.0891812865497076,0.11081871345029241,0.1445906432748538,10,684,61,2
-26.317118861452744,gmm_score,0.909221902017291,0.2,0.0891812865497076,0.11081871345029241,0.1445906432748538,10,684,61,2
-26.275130779627258,gmm_score,0.909221902017291,0.2,0.0891812865497076,0.11081871345029241,0.1445906432748538,10,684,61,2
-26.274555659614105,gmm_score,0.909221902017291,0.2,0.0891812865497076,0.11081871345029241,0.1445906432748538,10,684,61,2
-26.245938670997866,gmm_score,0.909221902017291,0.2,0.0891812865497076,0.11081871345029241,0.1445906432748538,10,684,61,2
-26.23636911039633,gmm_score,0.909221902017291,0.2,0.0891812865497076,0.11081871345029241,0.1445906432748538,10,684,61,2
-26.235243183514328,gmm_score,0.9106628242074928,0.2,0.08771929824561403,0.11228070175438598,0.14385964912280702,10,684,60,2
-26.229284230021065,gmm_score,0.9106628242074928,0.2,0.08771929824561403,0.11228070175438598,0.14385964912280702,10,684,60,2
-26.212659429367424,gmm_score,0.9106628242074928,0.2,0.08771929824561403,0.11228070175438598,0.14385964912280702,10,684,60,2
-26.204958489896466,gmm_score,0.9106628242074928,0.2,0.08771929824561403,0.11228070175438598,0.14385964912280702,10,684,60,2
-26.189634734220895,gmm_score,0.9106628242074928,0.2,0.08771929824561403,0.11228070175438598,0.14385964912280702,10,684,60,2
-26.18471514702142,gmm_score,0.9106628242074928,0.2,0.08771929824561403,0.11228070175438598,0.14385964912280702,10,684,60,2
-26.183859482529478,gmm_score,0.9106628242074928,0.2,0.08771929824561403,0.11228070175438598,0.14385964912280702,10,684,60,2
-26.170260614040544,gmm_score,0.9121037463976945,0.2,0.08625730994152046,0.11374269005847955,0.14312865497076024,10,684,59,2
-26.163526005430274,gmm_score,0.9121037463976945,0.2,0.08625730994152046,0.11374269005847955,0.14312865497076024,10,684,59,2
-26.14835903209166,gmm_score,0.9121037463976945,0.2,0.08625730994152046,0.11374269005847955,0.14312865497076024,10,684,59,2
-26.143381942480097,gmm_score,0.9121037463976945,0.2,0.08625730994152046,0.11374269005847955,0.14312865497076024,10,684,59,2
-26.132076631241777,gmm_score,0.9121037463976945,0.2,0.08625730994152046,0.11374269005847955,0.14312865497076024,10,684,59,2
-26.13181453651067,gmm_score,0.9121037463976945,0.2,0.08625730994152046,0.11374269005847955,0.14312865497076024,10,684,59,2
-26.129123753756144,gmm_score,0.9121037463976945,0.2,0.08625730994152046,0.11374269005847955,0.14312865497076024,10,684,59,2
-26.11735881207125,gmm_score,0.9135446685878963,0.2,0.0847953216374269,0.11520467836257312,0.14239766081871347,10,684,58,2
-26.100324586775635,gmm_score,0.9135446685878963,0.2,0.0847953216374269,0.11520467836257312,0.14239766081871347,10,684,58,2
-26.098568453378828,gmm_score,0.9135446685878963,0.2,0.0847953216374269,0.11520467836257312,0.14239766081871347,10,684,58,2
-26.09817414309274,gmm_score,0.9135446685878963,0.2,0.0847953216374269,0.11520467836257312,0.14239766081871347,10,684,58,2
-26.08751825584747,gmm_score,0.9149855907780979,0.2,0.08333333333333333,0.11666666666666668,0.14166666666666666,10,684,57,2
-26.06830974625972,gmm_score,0.9164265129682997,0.2,0.08187134502923976,0.11812865497076025,0.1409356725146199,10,684,56,2
-26.028503490422008,gmm_score,0.9164265129682997,0.2,0.08187134502923976,0.11812865497076025,0.1409356725146199,10,684,56,2
-26.007588580780272,gmm_score,0.9178674351585014,0.2,0.0804093567251462,0.11959064327485382,0.1402046783625731,10,684,55,2
-25.99405367573314,gmm_score,0.9178674351585014,0.2,0.0804093567251462,0.11959064327485382,0.1402046783625731,10,684,55,2
-25.98720333005394,gmm_score,0.9178674351585014,0.2,0.0804093567251462,0.11959064327485382,0.1402046783625731,10,684,55,2
-25.986063474794474,gmm_score,0.9193083573487032,0.2,0.07894736842105263,0.12105263157894738,0.1394736842105263,10,684,54,2
-25.960681515199536,gmm_score,0.920749279538905,0.2,0.07748538011695906,0.12251461988304095,0.13874269005847953,10,684,53,2
-25.94138469367508,gmm_score,0.920749279538905,0.2,0.07748538011695906,0.12251461988304095,0.13874269005847953,10,684,53,2
-25.937771590056492,gmm_score,0.920749279538905,0.2,0.07748538011695906,0.12251461988304095,0.13874269005847953,10,684,53,2
-25.898154914731514,gmm_score,0.920749279538905,0.2,0.07748538011695906,0.12251461988304095,0.13874269005847953,10,684,53,2
-25.896844601705602,gmm_score,0.9221902017291066,0.2,0.07602339181286549,0.12397660818713452,0.13801169590643275,10,684,52,2
-25.869793327599417,gmm_score,0.9236311239193083,0.2,0.07456140350877193,0.12543859649122807,0.13728070175438598,10,684,51,2
-25.83952462633257,gmm_score,0.9236311239193083,0.2,0.07456140350877193,0.12543859649122807,0.13728070175438598,10,684,51,2
-25.81613620611706,gmm_score,0.9236311239193083,0.2,0.07456140350877193,0.12543859649122807,0.13728070175438598,10,684,51,2
-25.802027824739568,gmm_score,0.9250720461095101,0.2,0.07309941520467836,0.12690058479532165,0.1365497076023392,10,684,50,2
-25.772329422095826,gmm_score,0.9250720461095101,0.2,0.07309941520467836,0.12690058479532165,0.1365497076023392,10,684,50,2
-25.752253769433732,gmm_score,0.9250720461095101,0.2,0.07309941520467836,0.12690058479532165,0.1365497076023392,10,684,50,2
-25.736414494206496,gmm_score,0.9250720461095101,0.2,0.07309941520467836,0.12690058479532165,0.1365497076023392,10,684,50,2
-25.695596246073496,gmm_score,0.9265129682997119,0.2,0.07163742690058479,0.12836257309941523,0.1358187134502924,10,684,49,2
-25.690024680744,gmm_score,0.9265129682997119,0.2,0.07163742690058479,0.12836257309941523,0.1358187134502924,10,684,49,2
-25.66398238297507,gmm_score,0.9279538904899135,0.2,0.07017543859649122,0.1298245614035088,0.13508771929824562,10,684,48,2
-25.662600366884114,gmm_score,0.9279538904899135,0.2,0.07017543859649122,0.1298245614035088,0.13508771929824562,10,684,48,2
-25.660001805112337,gmm_score,0.9279538904899135,0.2,0.07017543859649122,0.1298245614035088,0.13508771929824562,10,684,48,2
-25.652121369467377,gmm_score,0.9293948126801153,0.2,0.06871345029239766,0.13128654970760234,0.13435672514619884,10,684,47,2
-25.640823616537283,gmm_score,0.930835734870317,0.2,0.06725146198830409,0.13274853801169592,0.13362573099415204,10,684,46,2
-25.617814538152242,gmm_score,0.9322766570605188,0.2,0.06578947368421052,0.1342105263157895,0.13289473684210526,10,684,45,2
-25.607591627019584,gmm_score,0.9322766570605188,0.2,0.06578947368421052,0.1342105263157895,0.13289473684210526,10,684,45,2
-25.56928035703514,gmm_score,0.9337175792507204,0.2,0.06432748538011696,0.13567251461988306,0.13216374269005848,10,684,44,2
-25.530599648486966,gmm_score,0.9337175792507204,0.2,0.06432748538011696,0.13567251461988306,0.13216374269005848,10,684,44,2
-25.518286050172602,gmm_score,0.9337175792507204,0.2,0.06432748538011696,0.13567251461988306,0.13216374269005848,10,684,44,2
-25.49928725629565,gmm_score,0.9351585014409222,0.2,0.06286549707602339,0.1371345029239766,0.1314327485380117,10,684,43,2
-25.48757366605957,gmm_score,0.9351585014409222,0.2,0.06286549707602339,0.1371345029239766,0.1314327485380117,10,684,43,2
-25.457217247610668,gmm_score,0.9365994236311239,0.2,0.06140350877192982,0.1385964912280702,0.13070175438596493,10,684,42,2
-25.43065242302743,gmm_score,0.9380403458213257,0.2,0.059941520467836254,0.14005847953216377,0.12997076023391813,10,684,41,2
-25.412308643234127,gmm_score,0.9380403458213257,0.2,0.059941520467836254,0.14005847953216377,0.12997076023391813,10,684,41,2
-25.38320560860952,gmm_score,0.9380403458213257,0.2,0.059941520467836254,0.14005847953216377,0.12997076023391813,10,684,41,2
-25.37240576443754,gmm_score,0.9394812680115274,0.2,0.05847953216374269,0.14152046783625732,0.12923976608187135,10,684,40,2
-25.317910907203306,gmm_score,0.9409221902017291,0.2,0.05701754385964912,0.14298245614035088,0.12850877192982457,10,684,39,2
-25.31760253446163,gmm_score,0.9423631123919308,0.2,0.05555555555555555,0.14444444444444446,0.12777777777777777,10,684,38,2
-25.305919634637668,gmm_score,0.9438040345821326,0.2,0.054093567251461985,0.14590643274853804,0.127046783625731,10,684,37,2
-25.27482054741214,gmm_score,0.9452449567723343,0.2,0.05263157894736842,0.1473684210526316,0.12631578947368421,10,684,36,2
-25.256768605046155,gmm_score,0.946685878962536,0.2,0.05116959064327485,0.14883040935672515,0.12558479532163744,10,684,35,2
-25.213455618159315,gmm_score,0.9481268011527377,0.2,0.049707602339181284,0.15029239766081873,0.12485380116959065,10,684,34,2
-25.21304231412407,gmm_score,0.9481268011527377,0.2,0.049707602339181284,0.15029239766081873,0.12485380116959065,10,684,34,2
-25.194899620844208,gmm_score,0.9495677233429395,0.2,0.04824561403508772,0.1517543859649123,0.12412280701754386,10,684,33,2
-25.193491227301166,gmm_score,0.9510086455331412,0.2,0.04678362573099415,0.15321637426900586,0.12339181286549708,10,684,32,2
-25.190321761770416,gmm_score,0.952449567723343,0.2,0.04532163742690058,0.15467836257309941,0.1226608187134503,10,684,31,2
-25.181775811374077,gmm_score,0.952449567723343,0.2,0.04532163742690058,0.15467836257309941,0.1226608187134503,10,684,31,2
-25.15991240223821,gmm_score,0.9538904899135446,0.2,0.043859649122807015,0.156140350877193,0.12192982456140351,10,684,30,2
-25.148374231872914,gmm_score,0.9553314121037464,0.2,0.04239766081871345,0.15760233918128658,0.12119883040935672,10,684,29,2
-25.13329356784893,gmm_score,0.9567723342939481,0.2,0.04093567251461988,0.15906432748538013,0.12046783625730995,10,684,28,2
-25.122401988393886,gmm_score,0.9567723342939481,0.2,0.04093567251461988,0.15906432748538013,0.12046783625730995,10,684,28,2
-25.109068021730575,gmm_score,0.9582132564841499,0.2,0.039473684210526314,0.16052631578947368,0.11973684210526317,10,684,27,2
-25.100430938384925,gmm_score,0.9582132564841499,0.2,0.039473684210526314,0.16052631578947368,0.11973684210526317,10,684,27,2
-25.08339039716411,gmm_score,0.9596541786743515,0.2,0.038011695906432746,0.16198830409356726,0.11900584795321638,10,684,26,2
-25.081660580001905,gmm_score,0.9610951008645533,0.2,0.03654970760233918,0.16345029239766085,0.11827485380116959,10,684,25,2
-25.048857476468118,gmm_score,0.962536023054755,0.2,0.03508771929824561,0.1649122807017544,0.11754385964912281,10,684,24,2
-25.04447014495771,gmm_score,0.9639769452449568,0.2,0.033625730994152045,0.16637426900584795,0.11681286549707603,10,684,23,2
-25.009131442870018,gmm_score,0.9639769452449568,0.2,0.033625730994152045,0.16637426900584795,0.11681286549707603,10,684,23,2
-24.987610395091764,gmm_score,0.9654178674351584,0.2,0.03216374269005848,0.16783625730994153,0.11608187134502924,10,684,22,2
-24.966454190727728,gmm_score,0.9668587896253602,0.2,0.03070175438596491,0.16929824561403511,0.11535087719298245,10,684,21,2
-24.942240774121622,gmm_score,0.968299711815562,0.2,0.029239766081871343,0.17076023391812867,0.11461988304093568,10,684,20,2
-24.889178746254576,gmm_score,0.9697406340057637,0.2,0.027777777777777776,0.17222222222222222,0.1138888888888889,10,684,19,2
-24.881632370912126,gmm_score,0.9711815561959655,0.2,0.02631578947368421,0.1736842105263158,0.11315789473684211,10,684,18,2
-24.87710817021446,gmm_score,0.9726224783861671,0.2,0.024853801169590642,0.17514619883040938,0.11242690058479532,10,684,17,2
-24.81803324465568,gmm_score,0.9740634005763689,0.2,0.023391812865497075,0.17660818713450294,0.11169590643274854,10,684,16,2
-24.712307500821616,gmm_score,0.9755043227665706,0.2,0.021929824561403508,0.1780701754385965,0.11096491228070177,10,684,15,2
-24.69594447987959,gmm_score,0.9769452449567724,0.2,0.02046783625730994,0.17953216374269007,0.11023391812865498,10,684,14,2
-24.693651478123506,gmm_score,0.978386167146974,0.2,0.019005847953216373,0.18099415204678365,0.10950292397660819,10,684,13,2
-24.611750322377375,gmm_score,0.9798270893371758,0.2,0.017543859649122806,0.1824561403508772,0.10877192982456141,10,684,12,2
-24.542302232838576,gmm_score,0.978386167146974,0.3,0.017543859649122806,0.2824561403508772,0.1587719298245614,10,684,12,3
-24.52532688039307,gmm_score,0.9798270893371758,0.3,0.01608187134502924,0.28391812865497074,0.15804093567251462,10,684,11,3
-24.473512850142207,gmm_score,0.9812680115273775,0.3,0.014619883040935672,0.2853801169590643,0.15730994152046784,10,684,10,3
-24.441394608375003,gmm_score,0.9827089337175793,0.3,0.013157894736842105,0.2868421052631579,0.15657894736842104,10,684,9,3
-24.402729672554464,gmm_score,0.984149855907781,0.3,0.011695906432748537,0.28830409356725145,0.15584795321637426,10,684,8,3
-24.36693539047892,gmm_score,0.9855907780979827,0.3,0.01023391812865497,0.289766081871345,0.1551169590643275,10,684,7,3
-24.312631498674513,gmm_score,0.9870317002881844,0.3,0.008771929824561403,0.2912280701754386,0.15438596491228068,10,684,6,3
-24.30266105631107,gmm_score,0.9884726224783862,0.3,0.007309941520467836,0.29269005847953217,0.1536549707602339,10,684,5,3
-24.20502470807992,gmm_score,0.9899135446685879,0.3,0.005847953216374269,0.2941520467836257,0.15292397660818713,10,684,4,3
-24.19602121865087,gmm_score,0.9913544668587896,0.3,0.0043859649122807015,0.2956140350877193,0.15219298245614035,10,684,3,3
-24.18162178382903,gmm_score,0.9927953890489913,0.3,0.0029239766081871343,0.2970760233918128,0.15146198830409358,10,684,2,3
-24.131362151182987,gmm_score,0.9913544668587896,0.4,0.0029239766081871343,0.3970760233918129,0.20146198830409356,10,684,2,4
-24.084381346115496,gmm_score,0.9927953890489913,0.4,0.0014619883040935672,0.39853801169590647,0.2007309941520468,10,684,1,4
-24.02674020018505,gmm_score,0.9913544668587896,0.5,0.0014619883040935672,0.49853801169590645,0.2507309941520468,10,684,1,5
-23.960262755960297,gmm_score,0.9927953890489913,0.5,0.0,0.5,0.25,10,684,0,5
-23.421268790092935,gmm_score,0.9913544668587896,0.6,0.0,0.6,0.3,10,684,0,6
-23.33385592864584,gmm_score,0.9913544668587896,0.6,0.0,0.6,0.3,10,684,0,6
-22.86601010123217,gmm_score,0.9899135446685879,0.7,0.0,0.7,0.35,10,684,0,7
-22.85886578310674,gmm_score,0.9884726224783862,0.8,0.0,0.8,0.4,10,684,0,8
-22.83125131417851,gmm_score,0.9870317002881844,0.9,0.0,0.9,0.45,10,684,0,9
-22.582474574438425,gmm_score,0.9855907780979827,1.0,0.0,1.0,0.5,10,684,0,10
-22.404945487559083,gmm_score,0.9855907780979827,1.0,0.0,1.0,0.5,10,684,0,10
-22.40494448755908,gmm_score,0.9855907780979827,1.0,0.0,1.0,0.5,10,684,0,10
